IndicatorCode,Indicator,ValueType,ParentLocationCode,ParentLocation,Location type,SpatialDimValueCode,Location,Period type,Period,IsLatestYear,Dim1 type,Dim1,Dim1ValueCode,Dim2 type,Dim2,Dim2ValueCode,Dim3 type,Dim3,Dim3ValueCode,DataSourceDimValueCode,DataSource,FactValueNumericPrefix,FactValueNumeric,FactValueUoM,FactValueNumericLowPrefix,FactValueNumericLow,FactValueNumericHighPrefix,FactValueNumericHigh,Value,FactValueTranslationID,FactComments,Language,DateModified
HEPATITIS_HBV_DEATHS_NUM,Deaths caused by chronic hepatitis B (HBV) infection (number),numeric,AMR,Americas,Country,CRI,Costa Rica,Year,2022,true,,,,,,,,,,,,,0,,,,,,0,,,EN,2024-04-01T22:00:00.000Z
HEPATITIS_HBV_DEATHS_NUM,Deaths caused by chronic hepatitis B (HBV) infection (number),numeric,WPR,Western Pacific,Country,NIU,Niue,Year,2022,true,,,,,,,,,,,,,0.48,,,,,,0,,,EN,2024-04-01T22:00:00.000Z
HEPATITIS_HBV_DEATHS_NUM,Deaths caused by chronic hepatitis B (HBV) infection (number),numeric,EUR,Europe,Country,MCO,Monaco,Year,2022,true,,,,,,,,,,,,,0.74,,,,,,1,,,EN,2024-04-01T22:00:00.000Z
HEPATITIS_HBV_DEATHS_NUM,Deaths caused by chronic hepatitis B (HBV) infection (number),numeric,EUR,Europe,Country,SMR,San Marino,Year,2022,true,,,,,,,,,,,,,0.68,,,,,,1,,,EN,2024-04-01T22:00:00.000Z
HEPATITIS_HBV_DEATHS_NUM,Deaths caused by chronic hepatitis B (HBV) infection (number),numeric,AMR,Americas,Country,LCA,Saint Lucia,Year,2022,true,,,,,,,,,,,,,10.19,,,,,,10,,,EN,2024-04-01T22:00:00.000Z
HEPATITIS_HBV_DEATHS_NUM,Deaths caused by chronic hepatitis B (HBV) infection (number),numeric,WPR,Western Pacific,Country,SGP,Singapore,Year,2022,true,,,,,,,,,,,,,1002,,,,,,1002,,,EN,2024-04-01T22:00:00.000Z
HEPATITIS_HBV_DEATHS_NUM,Deaths caused by chronic hepatitis B (HBV) infection (number),numeric,EMR,Eastern Mediterranean,Country,DJI,Djibouti,Year,2022,true,,,,,,,,,,,,,100.7,,,,,,101,,,EN,2024-04-01T22:00:00.000Z
HEPATITIS_HBV_DEATHS_NUM,Deaths caused by chronic hepatitis B (HBV) infection (number),numeric,SEAR,South-East Asia,Country,MDV,Maldives,Year,2022,true,,,,,,,,,,,,,102.4,,,,,,102,,,EN,2024-04-01T22:00:00.000Z
HEPATITIS_HBV_DEATHS_NUM,Deaths caused by chronic hepatitis B (HBV) infection (number),numeric,EMR,Eastern Mediterranean,Country,PAK,Pakistan,Year,2022,true,,,,,,,,,,,,,10260,,,,,,10260,,,EN,2024-04-01T22:00:00.000Z
HEPATITIS_HBV_DEATHS_NUM,Deaths caused by chronic hepatitis B (HBV) infection (number),numeric,AFR,Africa,Country,NER,Niger,Year,2022,true,,,,,,,,,,,,,10359,,,,,,10359,,,EN,2024-04-01T22:00:00.000Z
HEPATITIS_HBV_DEATHS_NUM,Deaths caused by chronic hepatitis B (HBV) infection (number),numeric,AFR,Africa,Country,STP,Sao Tome and Principe,Year,2022,true,,,,,,,,,,,,,103.5,,,,,,104,,,EN,2024-04-01T22:00:00.000Z
HEPATITIS_HBV_DEATHS_NUM,Deaths caused by chronic hepatitis B (HBV) infection (number),numeric,AMR,Americas,Country,VEN,Venezuela (Bolivarian Republic of),Year,2022,true,,,,,,,,,,,,,1053,,,,,,1053,,,EN,2024-04-01T22:00:00.000Z
HEPATITIS_HBV_DEATHS_NUM,Deaths caused by chronic hepatitis B (HBV) infection (number),numeric,WPR,Western Pacific,Country,MYS,Malaysia,Year,2022,true,,,,,,,,,,,,,109,,,,,,109,,,EN,2024-04-01T22:00:00.000Z
HEPATITIS_HBV_DEATHS_NUM,Deaths caused by chronic hepatitis B (HBV) infection (number),numeric,AMR,Americas,Country,PRY,Paraguay,Year,2022,true,,,,,,,,,,,,,109.1,,,,,,109,,,EN,2024-04-01T22:00:00.000Z
HEPATITIS_HBV_DEATHS_NUM,Deaths caused by chronic hepatitis B (HBV) infection (number),numeric,EMR,Eastern Mediterranean,Country,SOM,Somalia,Year,2022,true,,,,,,,,,,,,,1141,,,,,,1141,,,EN,2024-04-01T22:00:00.000Z
HEPATITIS_HBV_DEATHS_NUM,Deaths caused by chronic hepatitis B (HBV) infection (number),numeric,AFR,Africa,Country,CIV,Cote d'Ivoire,Year,2022,true,,,,,,,,,,,,,11487,,,,,,11487,,,EN,2024-04-01T22:00:00.000Z
HEPATITIS_HBV_DEATHS_NUM,Deaths caused by chronic hepatitis B (HBV) infection (number),numeric,AFR,Africa,Country,KEN,Kenya,Year,2022,true,,,,,,,,,,,,,11498,,,,,,11498,,,EN,2024-04-01T22:00:00.000Z
HEPATITIS_HBV_DEATHS_NUM,Deaths caused by chronic hepatitis B (HBV) infection (number),numeric,AFR,Africa,Country,BWA,Botswana,Year,2022,true,,,,,,,,,,,,,1165,,,,,,1165,,,EN,2024-04-01T22:00:00.000Z
HEPATITIS_HBV_DEATHS_NUM,Deaths caused by chronic hepatitis B (HBV) infection (number),numeric,EUR,Europe,Country,KGZ,Kyrgyzstan,Year,2022,true,,,,,,,,,,,,,1176,,,,,,1176,,,EN,2024-04-01T22:00:00.000Z
HEPATITIS_HBV_DEATHS_NUM,Deaths caused by chronic hepatitis B (HBV) infection (number),numeric,WPR,Western Pacific,Country,VUT,Vanuatu,Year,2022,true,,,,,,,,,,,,,119,,,,,,119,,,EN,2024-04-01T22:00:00.000Z
HEPATITIS_HBV_DEATHS_NUM,Deaths caused by chronic hepatitis B (HBV) infection (number),numeric,AFR,Africa,Country,BEN,Benin,Year,2022,true,,,,,,,,,,,,,1241,,,,,,1241,,,EN,2024-04-01T22:00:00.000Z
HEPATITIS_HBV_DEATHS_NUM,Deaths caused by chronic hepatitis B (HBV) infection (number),numeric,AFR,Africa,Country,LSO,Lesotho,Year,2022,true,,,,,,,,,,,,,1269,,,,,,1269,,,EN,2024-04-01T22:00:00.000Z
HEPATITIS_HBV_DEATHS_NUM,Deaths caused by chronic hepatitis B (HBV) infection (number),numeric,AMR,Americas,Country,TTO,Trinidad and Tobago,Year,2022,true,,,,,,,,,,,,,128,,,,,,128,,,EN,2024-04-01T22:00:00.000Z
HEPATITIS_HBV_DEATHS_NUM,Deaths caused by chronic hepatitis B (HBV) infection (number),numeric,SEAR,South-East Asia,Country,THA,Thailand,Year,2022,true,,,,,,,,,,,,,12958,,,,,,12958,,,EN,2024-04-01T22:00:00.000Z
HEPATITIS_HBV_DEATHS_NUM,Deaths caused by chronic hepatitis B (HBV) infection (number),numeric,WPR,Western Pacific,Country,KHM,Cambodia,Year,2022,true,,,,,,,,,,,,,1310,,,,,,1310,,,EN,2024-04-01T22:00:00.000Z
HEPATITIS_HBV_DEATHS_NUM,Deaths caused by chronic hepatitis B (HBV) infection (number),numeric,WPR,Western Pacific,Country,FJI,Fiji,Year,2022,true,,,,,,,,,,,,,133.1,,,,,,133,,,EN,2024-04-01T22:00:00.000Z
HEPATITIS_HBV_DEATHS_NUM,Deaths caused by chronic hepatitis B (HBV) infection (number),numeric,EUR,Europe,Country,MKD,North Macedonia,Year,2022,true,,,,,,,,,,,,,133.2,,,,,,133,,,EN,2024-04-01T22:00:00.000Z
HEPATITIS_HBV_DEATHS_NUM,Deaths caused by chronic hepatitis B (HBV) infection (number),numeric,AFR,Africa,Country,GHA,Ghana,Year,2022,true,,,,,,,,,,,,,13910,,,,,,13910,,,EN,2024-04-01T22:00:00.000Z
HEPATITIS_HBV_DEATHS_NUM,Deaths caused by chronic hepatitis B (HBV) infection (number),numeric,EMR,Eastern Mediterranean,Country,EGY,Egypt,Year,2022,true,,,,,,,,,,,,,1407,,,,,,1407,,,EN,2024-04-01T22:00:00.000Z
HEPATITIS_HBV_DEATHS_NUM,Deaths caused by chronic hepatitis B (HBV) infection (number),numeric,EUR,Europe,Country,BLR,Belarus,Year,2022,true,,,,,,,,,,,,,1485,,,,,,1485,,,EN,2024-04-01T22:00:00.000Z
HEPATITIS_HBV_DEATHS_NUM,Deaths caused by chronic hepatitis B (HBV) infection (number),numeric,AFR,Africa,Country,AGO,Angola,Year,2022,true,,,,,,,,,,,,,14992,,,,,,14992,,,EN,2024-04-01T22:00:00.000Z
HEPATITIS_HBV_DEATHS_NUM,Deaths caused by chronic hepatitis B (HBV) infection (number),numeric,EUR,Europe,Country,TKM,Turkmenistan,Year,2022,true,,,,,,,,,,,,,1506,,,,,,1506,,,EN,2024-04-01T22:00:00.000Z
HEPATITIS_HBV_DEATHS_NUM,Deaths caused by chronic hepatitis B (HBV) infection (number),numeric,EUR,Europe,Country,KAZ,Kazakhstan,Year,2022,true,,,,,,,,,,,,,1528,,,,,,1528,,,EN,2024-04-01T22:00:00.000Z
HEPATITIS_HBV_DEATHS_NUM,Deaths caused by chronic hepatitis B (HBV) infection (number),numeric,AFR,Africa,Country,BDI,Burundi,Year,2022,true,,,,,,,,,,,,,1532,,,,,,1532,,,EN,2024-04-01T22:00:00.000Z
HEPATITIS_HBV_DEATHS_NUM,Deaths caused by chronic hepatitis B (HBV) infection (number),numeric,AMR,Americas,Country,BRB,Barbados,Year,2022,true,,,,,,,,,,,,,15.95,,,,,,16,,,EN,2024-04-01T22:00:00.000Z
HEPATITIS_HBV_DEATHS_NUM,Deaths caused by chronic hepatitis B (HBV) infection (number),numeric,EUR,Europe,Country,UZB,Uzbekistan,Year,2022,true,,,,,,,,,,,,,1611,,,,,,1611,,,EN,2024-04-01T22:00:00.000Z
HEPATITIS_HBV_DEATHS_NUM,Deaths caused by chronic hepatitis B (HBV) infection (number),numeric,EMR,Eastern Mediterranean,Country,AFG,Afghanistan,Year,2022,true,,,,,,,,,,,,,1613,,,,,,1613,,,EN,2024-04-01T22:00:00.000Z
HEPATITIS_HBV_DEATHS_NUM,Deaths caused by chronic hepatitis B (HBV) infection (number),numeric,EMR,Eastern Mediterranean,Country,TUN,Tunisia,Year,2022,true,,,,,,,,,,,,,1623,,,,,,1623,,,EN,2024-04-01T22:00:00.000Z
HEPATITIS_HBV_DEATHS_NUM,Deaths caused by chronic hepatitis B (HBV) infection (number),numeric,EUR,Europe,Country,UKR,Ukraine,Year,2022,true,,,,,,,,,,,,,1650,,,,,,1650,,,EN,2024-04-01T22:00:00.000Z
HEPATITIS_HBV_DEATHS_NUM,Deaths caused by chronic hepatitis B (HBV) infection (number),numeric,AFR,Africa,Country,UGA,Uganda,Year,2022,true,,,,,,,,,,,,,1683,,,,,,1683,,,EN,2024-04-01T22:00:00.000Z
HEPATITIS_HBV_DEATHS_NUM,Deaths caused by chronic hepatitis B (HBV) infection (number),numeric,AFR,Africa,Country,ZMB,Zambia,Year,2022,true,,,,,,,,,,,,,1684,,,,,,1684,,,EN,2024-04-01T22:00:00.000Z
HEPATITIS_HBV_DEATHS_NUM,Deaths caused by chronic hepatitis B (HBV) infection (number),numeric,AMR,Americas,Country,BLZ,Belize,Year,2022,true,,,,,,,,,,,,,17.28,,,,,,17,,,EN,2024-04-01T22:00:00.000Z
HEPATITIS_HBV_DEATHS_NUM,Deaths caused by chronic hepatitis B (HBV) infection (number),numeric,EUR,Europe,Country,TJK,Tajikistan,Year,2022,true,,,,,,,,,,,,,1706,,,,,,1706,,,EN,2024-04-01T22:00:00.000Z
HEPATITIS_HBV_DEATHS_NUM,Deaths caused by chronic hepatitis B (HBV) infection (number),numeric,AMR,Americas,Country,URY,Uruguay,Year,2022,true,,,,,,,,,,,,,18,,,,,,18,,,EN,2024-04-01T22:00:00.000Z
HEPATITIS_HBV_DEATHS_NUM,Deaths caused by chronic hepatitis B (HBV) infection (number),numeric,AFR,Africa,Country,COM,Comoros,Year,2022,true,,,,,,,,,,,,,182.1,,,,,,182,,,EN,2024-04-01T22:00:00.000Z
HEPATITIS_HBV_DEATHS_NUM,Deaths caused by chronic hepatitis B (HBV) infection (number),numeric,EUR,Europe,Country,ARM,Armenia,Year,2022,true,,,,,,,,,,,,,185.4,,,,,,185,,,EN,2024-04-01T22:00:00.000Z
HEPATITIS_HBV_DEATHS_NUM,Deaths caused by chronic hepatitis B (HBV) infection (number),numeric,EMR,Eastern Mediterranean,Country,OMN,Oman,Year,2022,true,,,,,,,,,,,,,184.9,,,,,,185,,,EN,2024-04-01T22:00:00.000Z
HEPATITIS_HBV_DEATHS_NUM,Deaths caused by chronic hepatitis B (HBV) infection (number),numeric,AFR,Africa,Country,MRT,Mauritania,Year,2022,true,,,,,,,,,,,,,1856,,,,,,1856,,,EN,2024-04-01T22:00:00.000Z
HEPATITIS_HBV_DEATHS_NUM,Deaths caused by chronic hepatitis B (HBV) infection (number),numeric,WPR,Western Pacific,Country,PHL,Philippines,Year,2022,true,,,,,,,,,,,,,18583,,,,,,18583,,,EN,2024-04-01T22:00:00.000Z
HEPATITIS_HBV_DEATHS_NUM,Deaths caused by chronic hepatitis B (HBV) infection (number),numeric,SEAR,South-East Asia,Country,LKA,Sri Lanka,Year,2022,true,,,,,,,,,,,,,1869,,,,,,1869,,,EN,2024-04-01T22:00:00.000Z
HEPATITIS_HBV_DEATHS_NUM,Deaths caused by chronic hepatitis B (HBV) infection (number),numeric,EUR,Europe,Country,MDA,Republic of Moldova,Year,2022,true,,,,,,,,,,,,,1913,,,,,,1913,,,EN,2024-04-01T22:00:00.000Z
HEPATITIS_HBV_DEATHS_NUM,Deaths caused by chronic hepatitis B (HBV) infection (number),numeric,AFR,Africa,Country,SSD,South Sudan,Year,2022,true,,,,,,,,,,,,,1963,,,,,,1963,,,EN,2024-04-01T22:00:00.000Z
HEPATITIS_HBV_DEATHS_NUM,Deaths caused by chronic hepatitis B (HBV) infection (number),numeric,EUR,Europe,Country,AND,Andorra,Year,2022,true,,,,,,,,,,,,,1.62,,,,,,2,,,EN,2024-04-01T22:00:00.000Z
HEPATITIS_HBV_DEATHS_NUM,Deaths caused by chronic hepatitis B (HBV) infection (number),numeric,AFR,Africa,Country,DZA,Algeria,Year,2022,true,,,,,,,,,,,,,2020,,,,,,2020,,,EN,2024-04-01T22:00:00.000Z
HEPATITIS_HBV_DEATHS_NUM,Deaths caused by chronic hepatitis B (HBV) infection (number),numeric,AFR,Africa,Country,COG,Congo,Year,2022,true,,,,,,,,,,,,,2022,,,,,,2022,,,EN,2024-04-01T22:00:00.000Z
HEPATITIS_HBV_DEATHS_NUM,Deaths caused by chronic hepatitis B (HBV) infection (number),numeric,AFR,Africa,Country,SYC,Seychelles,Year,2022,true,,,,,,,,,,,,,20.88,,,,,,21,,,EN,2024-04-01T22:00:00.000Z
HEPATITIS_HBV_DEATHS_NUM,Deaths caused by chronic hepatitis B (HBV) infection (number),numeric,AFR,Africa,Country,SLE,Sierra Leone,Year,2022,true,,,,,,,,,,,,,2199,,,,,,2199,,,EN,2024-04-01T22:00:00.000Z
HEPATITIS_HBV_DEATHS_NUM,Deaths caused by chronic hepatitis B (HBV) infection (number),numeric,AMR,Americas,Country,BHS,Bahamas,Year,2022,true,,,,,,,,,,,,,23.22,,,,,,23,,,EN,2024-04-01T22:00:00.000Z
HEPATITIS_HBV_DEATHS_NUM,Deaths caused by chronic hepatitis B (HBV) infection (number),numeric,WPR,Western Pacific,Country,PNG,Papua New Guinea,Year,2022,true,,,,,,,,,,,,,2390,,,,,,2390,,,EN,2024-04-01T22:00:00.000Z
HEPATITIS_HBV_DEATHS_NUM,Deaths caused by chronic hepatitis B (HBV) infection (number),numeric,EMR,Eastern Mediterranean,Country,SAU,Saudi Arabia,Year,2022,true,,,,,,,,,,,,,2402,,,,,,2402,,,EN,2024-04-01T22:00:00.000Z
HEPATITIS_HBV_DEATHS_NUM,Deaths caused by chronic hepatitis B (HBV) infection (number),numeric,AMR,Americas,Country,ARG,Argentina,Year,2022,true,,,,,,,,,,,,,250.3,,,,,,250,,,EN,2024-04-01T22:00:00.000Z
HEPATITIS_HBV_DEATHS_NUM,Deaths caused by chronic hepatitis B (HBV) infection (number),numeric,SEAR,South-East Asia,Country,TLS,Timor-Leste,Year,2022,true,,,,,,,,,,,,,250.9,,,,,,251,,,EN,2024-04-01T22:00:00.000Z
HEPATITIS_HBV_DEATHS_NUM,Deaths caused by chronic hepatitis B (HBV) infection (number),numeric,AFR,Africa,Country,MUS,Mauritius,Year,2022,true,,,,,,,,,,,,,253.3,,,,,,253,,,EN,2024-04-01T22:00:00.000Z
HEPATITIS_HBV_DEATHS_NUM,Deaths caused by chronic hepatitis B (HBV) infection (number),numeric,AFR,Africa,Country,MWI,Malawi,Year,2022,true,,,,,,,,,,,,,2539,,,,,,2539,,,EN,2024-04-01T22:00:00.000Z
HEPATITIS_HBV_DEATHS_NUM,Deaths caused by chronic hepatitis B (HBV) infection (number),numeric,AFR,Africa,Country,ZAF,South Africa,Year,2022,true,,,,,,,,,,,,,25564,,,,,,25564,,,EN,2024-04-01T22:00:00.000Z
HEPATITIS_HBV_DEATHS_NUM,Deaths caused by chronic hepatitis B (HBV) infection (number),numeric,AMR,Americas,Country,BRA,Brazil,Year,2022,true,,,,,,,,,,,,,2578,,,,,,2578,,,EN,2024-04-01T22:00:00.000Z
HEPATITIS_HBV_DEATHS_NUM,Deaths caused by chronic hepatitis B (HBV) infection (number),numeric,WPR,Western Pacific,Country,SLB,Solomon Islands,Year,2022,true,,,,,,,,,,,,,257.5,,,,,,258,,,EN,2024-04-01T22:00:00.000Z
HEPATITIS_HBV_DEATHS_NUM,Deaths caused by chronic hepatitis B (HBV) infection (number),numeric,EUR,Europe,Country,GEO,Georgia,Year,2022,true,,,,,,,,,,,,,264.7,,,,,,265,,,EN,2024-04-01T22:00:00.000Z
HEPATITIS_HBV_DEATHS_NUM,Deaths caused by chronic hepatitis B (HBV) infection (number),numeric,EUR,Europe,Country,CHE,Switzerland,Year,2022,true,,,,,,,,,,,,,265.1,,,,,,265,,,EN,2024-04-01T22:00:00.000Z
HEPATITIS_HBV_DEATHS_NUM,Deaths caused by chronic hepatitis B (HBV) infection (number),numeric,WPR,Western Pacific,Country,VNM,Viet Nam,Year,2022,true,,,,,,,,,,,,,26725,,,,,,26725,,,EN,2024-04-01T22:00:00.000Z
HEPATITIS_HBV_DEATHS_NUM,Deaths caused by chronic hepatitis B (HBV) infection (number),numeric,EMR,Eastern Mediterranean,Country,LBN,Lebanon,Year,2022,true,,,,,,,,,,,,,275.8,,,,,,276,,,EN,2024-04-01T22:00:00.000Z
HEPATITIS_HBV_DEATHS_NUM,Deaths caused by chronic hepatitis B (HBV) infection (number),numeric,AMR,Americas,Country,SLV,El Salvador,Year,2022,true,,,,,,,,,,,,,278.6,,,,,,279,,,EN,2024-04-01T22:00:00.000Z
HEPATITIS_HBV_DEATHS_NUM,Deaths caused by chronic hepatitis B (HBV) infection (number),numeric,EMR,Eastern Mediterranean,Country,YEM,Yemen,Year,2022,true,,,,,,,,,,,,,2843,,,,,,2843,,,EN,2024-04-01T22:00:00.000Z
HEPATITIS_HBV_DEATHS_NUM,Deaths caused by chronic hepatitis B (HBV) infection (number),numeric,AFR,Africa,Country,CAF,Central African Republic,Year,2022,true,,,,,,,,,,,,,2876,,,,,,2876,,,EN,2024-04-01T22:00:00.000Z
HEPATITIS_HBV_DEATHS_NUM,Deaths caused by chronic hepatitis B (HBV) infection (number),numeric,EMR,Eastern Mediterranean,Country,SYR,Syrian Arab Republic,Year,2022,true,,,,,,,,,,,,,2896,,,,,,2896,,,EN,2024-04-01T22:00:00.000Z
HEPATITIS_HBV_DEATHS_NUM,Deaths caused by chronic hepatitis B (HBV) infection (number),numeric,EMR,Eastern Mediterranean,Country,BHR,Bahrain,Year,2022,true,,,,,,,,,,,,,28.81,,,,,,29,,,EN,2024-04-01T22:00:00.000Z
HEPATITIS_HBV_DEATHS_NUM,Deaths caused by chronic hepatitis B (HBV) infection (number),numeric,WPR,Western Pacific,Country,NRU,Nauru,Year,2022,true,,,,,,,,,,,,,3.12,,,,,,3,,,EN,2024-04-01T22:00:00.000Z
HEPATITIS_HBV_DEATHS_NUM,Deaths caused by chronic hepatitis B (HBV) infection (number),numeric,AMR,Americas,Country,KNA,Saint Kitts and Nevis,Year,2022,true,,,,,,,,,,,,,2.69,,,,,,3,,,EN,2024-04-01T22:00:00.000Z
HEPATITIS_HBV_DEATHS_NUM,Deaths caused by chronic hepatitis B (HBV) infection (number),numeric,AFR,Africa,Country,GAB,Gabon,Year,2022,true,,,,,,,,,,,,,313.9,,,,,,314,,,EN,2024-04-01T22:00:00.000Z
HEPATITIS_HBV_DEATHS_NUM,Deaths caused by chronic hepatitis B (HBV) infection (number),numeric,AMR,Americas,Country,NIC,Nicaragua,Year,2022,true,,,,,,,,,,,,,322,,,,,,322,,,EN,2024-04-01T22:00:00.000Z
HEPATITIS_HBV_DEATHS_NUM,Deaths caused by chronic hepatitis B (HBV) infection (number),numeric,AFR,Africa,Country,CPV,Cabo Verde,Year,2022,true,,,,,,,,,,,,,328.9,,,,,,329,,,EN,2024-04-01T22:00:00.000Z
HEPATITIS_HBV_DEATHS_NUM,Deaths caused by chronic hepatitis B (HBV) infection (number),numeric,EMR,Eastern Mediterranean,Country,SDN,Sudan,Year,2022,true,,,,,,,,,,,,,3299,,,,,,3299,,,EN,2024-04-01T22:00:00.000Z
HEPATITIS_HBV_DEATHS_NUM,Deaths caused by chronic hepatitis B (HBV) infection (number),numeric,EUR,Europe,Country,BIH,Bosnia and Herzegovina,Year,2022,true,,,,,,,,,,,,,331.2,,,,,,331,,,EN,2024-04-01T22:00:00.000Z
HEPATITIS_HBV_DEATHS_NUM,Deaths caused by chronic hepatitis B (HBV) infection (number),numeric,EMR,Eastern Mediterranean,Country,IRQ,Iraq,Year,2022,true,,,,,,,,,,,,,3370,,,,,,3370,,,EN,2024-04-01T22:00:00.000Z
HEPATITIS_HBV_DEATHS_NUM,Deaths caused by chronic hepatitis B (HBV) infection (number),numeric,AFR,Africa,Country,ETH,Ethiopia,Year,2022,true,,,,,,,,,,,,,33867,,,,,,33867,,,EN,2024-04-01T22:00:00.000Z
HEPATITIS_HBV_DEATHS_NUM,Deaths caused by chronic hepatitis B (HBV) infection (number),numeric,WPR,Western Pacific,Country,JPN,Japan,Year,2022,true,,,,,,,,,,,,,3391,,,,,,3391,,,EN,2024-04-01T22:00:00.000Z
HEPATITIS_HBV_DEATHS_NUM,Deaths caused by chronic hepatitis B (HBV) infection (number),numeric,SEAR,South-East Asia,Country,BTN,Bhutan,Year,2022,true,,,,,,,,,,,,,34,,,,,,34,,,EN,2024-04-01T22:00:00.000Z
HEPATITIS_HBV_DEATHS_NUM,Deaths caused by chronic hepatitis B (HBV) infection (number),numeric,AFR,Africa,Country,TGO,Togo,Year,2022,true,,,,,,,,,,,,,3468,,,,,,3468,,,EN,2024-04-01T22:00:00.000Z
HEPATITIS_HBV_DEATHS_NUM,Deaths caused by chronic hepatitis B (HBV) infection (number),numeric,AFR,Africa,Country,CMR,Cameroon,Year,2022,true,,,,,,,,,,,,,3505,,,,,,3505,,,EN,2024-04-01T22:00:00.000Z
HEPATITIS_HBV_DEATHS_NUM,Deaths caused by chronic hepatitis B (HBV) infection (number),numeric,AMR,Americas,Country,GTM,Guatemala,Year,2022,true,,,,,,,,,,,,,364.8,,,,,,365,,,EN,2024-04-01T22:00:00.000Z
HEPATITIS_HBV_DEATHS_NUM,Deaths caused by chronic hepatitis B (HBV) infection (number),numeric,AMR,Americas,Country,PER,Peru,Year,2022,true,,,,,,,,,,,,,365.4,,,,,,365,,,EN,2024-04-01T22:00:00.000Z
HEPATITIS_HBV_DEATHS_NUM,Deaths caused by chronic hepatitis B (HBV) infection (number),numeric,AMR,Americas,Country,SUR,Suriname,Year,2022,true,,,,,,,,,,,,,37.42,,,,,,37,,,EN,2024-04-01T22:00:00.000Z
HEPATITIS_HBV_DEATHS_NUM,Deaths caused by chronic hepatitis B (HBV) infection (number),numeric,AFR,Africa,Country,GNQ,Equatorial Guinea,Year,2022,true,,,,,,,,,,,,,384.5,,,,,,385,,,EN,2024-04-01T22:00:00.000Z
HEPATITIS_HBV_DEATHS_NUM,Deaths caused by chronic hepatitis B (HBV) infection (number),numeric,EMR,Eastern Mediterranean,Country,KWT,Kuwait,Year,2022,true,,,,,,,,,,,,,391.4,,,,,,391,,,EN,2024-04-01T22:00:00.000Z
HEPATITIS_HBV_DEATHS_NUM,Deaths caused by chronic hepatitis B (HBV) infection (number),numeric,AMR,Americas,Country,MEX,Mexico,Year,2022,true,,,,,,,,,,,,,3927,,,,,,3927,,,EN,2024-04-01T22:00:00.000Z
HEPATITIS_HBV_DEATHS_NUM,Deaths caused by chronic hepatitis B (HBV) infection (number),numeric,AMR,Americas,Country,JAM,Jamaica,Year,2022,true,,,,,,,,,,,,,395.6,,,,,,396,,,EN,2024-04-01T22:00:00.000Z
HEPATITIS_HBV_DEATHS_NUM,Deaths caused by chronic hepatitis B (HBV) infection (number),numeric,WPR,Western Pacific,Country,COK,Cook Islands,Year,2022,true,,,,,,,,,,,,,4.19,,,,,,4,,,EN,2024-04-01T22:00:00.000Z
HEPATITIS_HBV_DEATHS_NUM,Deaths caused by chronic hepatitis B (HBV) infection (number),numeric,AMR,Americas,Country,DMA,Dominica,Year,2022,true,,,,,,,,,,,,,4.11,,,,,,4,,,EN,2024-04-01T22:00:00.000Z
HEPATITIS_HBV_DEATHS_NUM,Deaths caused by chronic hepatitis B (HBV) infection (number),numeric,WPR,Western Pacific,Country,PLW,Palau,Year,2022,true,,,,,,,,,,,,,4.45,,,,,,4,,,EN,2024-04-01T22:00:00.000Z
HEPATITIS_HBV_DEATHS_NUM,Deaths caused by chronic hepatitis B (HBV) infection (number),numeric,WPR,Western Pacific,Country,FSM,Micronesia (Federated States of),Year,2022,true,,,,,,,,,,,,,40.11,,,,,,40,,,EN,2024-04-01T22:00:00.000Z
HEPATITIS_HBV_DEATHS_NUM,Deaths caused by chronic hepatitis B (HBV) infection (number),numeric,AFR,Africa,Country,GMB,Gambia,Year,2022,true,,,,,,,,,,,,,400.3,,,,,,400,,,EN,2024-04-01T22:00:00.000Z
HEPATITIS_HBV_DEATHS_NUM,Deaths caused by chronic hepatitis B (HBV) infection (number),numeric,AMR,Americas,Country,CUB,Cuba,Year,2022,true,,,,,,,,,,,,,41,,,,,,41,,,EN,2024-04-01T22:00:00.000Z
HEPATITIS_HBV_DEATHS_NUM,Deaths caused by chronic hepatitis B (HBV) infection (number),numeric,EUR,Europe,Country,MNE,Montenegro,Year,2022,true,,,,,,,,,,,,,40.58,,,,,,41,,,EN,2024-04-01T22:00:00.000Z
HEPATITIS_HBV_DEATHS_NUM,Deaths caused by chronic hepatitis B (HBV) infection (number),numeric,EMR,Eastern Mediterranean,Country,LBY,Libya,Year,2022,true,,,,,,,,,,,,,426,,,,,,426,,,EN,2024-04-01T22:00:00.000Z
HEPATITIS_HBV_DEATHS_NUM,Deaths caused by chronic hepatitis B (HBV) infection (number),numeric,AMR,Americas,Country,ECU,Ecuador,Year,2022,true,,,,,,,,,,,,,428.6,,,,,,429,,,EN,2024-04-01T22:00:00.000Z
HEPATITIS_HBV_DEATHS_NUM,Deaths caused by chronic hepatitis B (HBV) infection (number),numeric,WPR,Western Pacific,Country,BRN,Brunei Darussalam,Year,2022,true,,,,,,,,,,,,,43.44,,,,,,43,,,EN,2024-04-01T22:00:00.000Z
HEPATITIS_HBV_DEATHS_NUM,Deaths caused by chronic hepatitis B (HBV) infection (number),numeric,AMR,Americas,Country,PAN,Panama,Year,2022,true,,,,,,,,,,,,,43.99,,,,,,44,,,EN,2024-04-01T22:00:00.000Z
HEPATITIS_HBV_DEATHS_NUM,Deaths caused by chronic hepatitis B (HBV) infection (number),numeric,AMR,Americas,Country,CAN,Canada,Year,2022,true,,,,,,,,,,,,,445,,,,,,445,,,EN,2024-04-01T22:00:00.000Z
HEPATITIS_HBV_DEATHS_NUM,Deaths caused by chronic hepatitis B (HBV) infection (number),numeric,AFR,Africa,Country,NGA,Nigeria,Year,2022,true,,,,,,,,,,,,,46144,,,,,,46144,,,EN,2024-04-01T22:00:00.000Z
HEPATITIS_HBV_DEATHS_NUM,Deaths caused by chronic hepatitis B (HBV) infection (number),numeric,AFR,Africa,Country,NAM,Namibia,Year,2022,true,,,,,,,,,,,,,471,,,,,,471,,,EN,2024-04-01T22:00:00.000Z
HEPATITIS_HBV_DEATHS_NUM,Deaths caused by chronic hepatitis B (HBV) infection (number),numeric,AFR,Africa,Country,SEN,Senegal,Year,2022,true,,,,,,,,,,,,,4755,,,,,,4755,,,EN,2024-04-01T22:00:00.000Z
HEPATITIS_HBV_DEATHS_NUM,Deaths caused by chronic hepatitis B (HBV) infection (number),numeric,WPR,Western Pacific,Country,KIR,Kiribati,Year,2022,true,,,,,,,,,,,,,48.3,,,,,,48,,,EN,2024-04-01T22:00:00.000Z
HEPATITIS_HBV_DEATHS_NUM,Deaths caused by chronic hepatitis B (HBV) infection (number),numeric,EUR,Europe,Country,SRB,Serbia,Year,2022,true,,,,,,,,,,,,,480.7,,,,,,481,,,EN,2024-04-01T22:00:00.000Z
HEPATITIS_HBV_DEATHS_NUM,Deaths caused by chronic hepatitis B (HBV) infection (number),numeric,AMR,Americas,Country,ATG,Antigua and Barbuda,Year,2022,true,,,,,,,,,,,,,5.31,,,,,,5,,,EN,2024-04-01T22:00:00.000Z
HEPATITIS_HBV_DEATHS_NUM,Deaths caused by chronic hepatitis B (HBV) infection (number),numeric,WPR,Western Pacific,Country,TUV,Tuvalu,Year,2022,true,,,,,,,,,,,,,4.68,,,,,,5,,,EN,2024-04-01T22:00:00.000Z
HEPATITIS_HBV_DEATHS_NUM,Deaths caused by chronic hepatitis B (HBV) infection (number),numeric,EMR,Eastern Mediterranean,Country,ARE,United Arab Emirates,Year,2022,true,,,,,,,,,,,,,517.9,,,,,,518,,,EN,2024-04-01T22:00:00.000Z
HEPATITIS_HBV_DEATHS_NUM,Deaths caused by chronic hepatitis B (HBV) infection (number),numeric,AFR,Africa,Country,COD,Democratic Republic of the Congo,Year,2022,true,,,,,,,,,,,,,5185,,,,,,5185,,,EN,2024-04-01T22:00:00.000Z
HEPATITIS_HBV_DEATHS_NUM,Deaths caused by chronic hepatitis B (HBV) infection (number),numeric,AFR,Africa,Country,BFA,Burkina Faso,Year,2022,true,,,,,,,,,,,,,5258,,,,,,5258,,,EN,2024-04-01T22:00:00.000Z
HEPATITIS_HBV_DEATHS_NUM,Deaths caused by chronic hepatitis B (HBV) infection (number),numeric,AMR,Americas,Country,HTI,Haiti,Year,2022,true,,,,,,,,,,,,,526.3,,,,,,526,,,EN,2024-04-01T22:00:00.000Z
HEPATITIS_HBV_DEATHS_NUM,Deaths caused by chronic hepatitis B (HBV) infection (number),numeric,WPR,Western Pacific,Country,LAO,Lao People's Democratic Republic,Year,2022,true,,,,,,,,,,,,,529,,,,,,529,,,EN,2024-04-01T22:00:00.000Z
HEPATITIS_HBV_DEATHS_NUM,Deaths caused by chronic hepatitis B (HBV) infection (number),numeric,EUR,Europe,Country,NOR,Norway,Year,2022,true,,,,,,,,,,,,,52.5,,,,,,53,,,EN,2024-04-01T22:00:00.000Z
HEPATITIS_HBV_DEATHS_NUM,Deaths caused by chronic hepatitis B (HBV) infection (number),numeric,AMR,Americas,Country,COL,Colombia,Year,2022,true,,,,,,,,,,,,,54,,,,,,54,,,EN,2024-04-01T22:00:00.000Z
HEPATITIS_HBV_DEATHS_NUM,Deaths caused by chronic hepatitis B (HBV) infection (number),numeric,WPR,Western Pacific,Country,TON,Tonga,Year,2022,true,,,,,,,,,,,,,54.18,,,,,,54,,,EN,2024-04-01T22:00:00.000Z
HEPATITIS_HBV_DEATHS_NUM,Deaths caused by chronic hepatitis B (HBV) infection (number),numeric,AFR,Africa,Country,GIN,Guinea,Year,2022,true,,,,,,,,,,,,,5520,,,,,,5520,,,EN,2024-04-01T22:00:00.000Z
HEPATITIS_HBV_DEATHS_NUM,Deaths caused by chronic hepatitis B (HBV) infection (number),numeric,EMR,Eastern Mediterranean,Country,MAR,Morocco,Year,2022,true,,,,,,,,,,,,,554.7,,,,,,555,,,EN,2024-04-01T22:00:00.000Z
HEPATITIS_HBV_DEATHS_NUM,Deaths caused by chronic hepatitis B (HBV) infection (number),numeric,AFR,Africa,Country,MDG,Madagascar,Year,2022,true,,,,,,,,,,,,,5631,,,,,,5631,,,EN,2024-04-01T22:00:00.000Z
HEPATITIS_HBV_DEATHS_NUM,Deaths caused by chronic hepatitis B (HBV) infection (number),numeric,SEAR,South-East Asia,Country,NPL,Nepal,Year,2022,true,,,,,,,,,,,,,594.1,,,,,,594,,,EN,2024-04-01T22:00:00.000Z
HEPATITIS_HBV_DEATHS_NUM,Deaths caused by chronic hepatitis B (HBV) infection (number),numeric,AMR,Americas,Country,VCT,Saint Vincent and the Grenadines,Year,2022,true,,,,,,,,,,,,,5.89,,,,,,6,,,EN,2024-04-01T22:00:00.000Z
HEPATITIS_HBV_DEATHS_NUM,Deaths caused by chronic hepatitis B (HBV) infection (number),numeric,WPR,Western Pacific,Country,WSM,Samoa,Year,2022,true,,,,,,,,,,,,,60.41,,,,,,60,,,EN,2024-04-01T22:00:00.000Z
HEPATITIS_HBV_DEATHS_NUM,Deaths caused by chronic hepatitis B (HBV) infection (number),numeric,AFR,Africa,Country,SWZ,Eswatini,Year,2022,true,,,,,,,,,,,,,601.6,,,,,,602,,,EN,2024-04-01T22:00:00.000Z
HEPATITIS_HBV_DEATHS_NUM,Deaths caused by chronic hepatitis B (HBV) infection (number),numeric,SEAR,South-East Asia,Country,IDN,Indonesia,Year,2022,true,,,,,,,,,,,,,60535,,,,,,60535,,,EN,2024-04-01T22:00:00.000Z
HEPATITIS_HBV_DEATHS_NUM,Deaths caused by chronic hepatitis B (HBV) infection (number),numeric,WPR,Western Pacific,Country,NZL,New Zealand,Year,2022,true,,,,,,,,,,,,,608.9,,,,,,609,,,EN,2024-04-01T22:00:00.000Z
HEPATITIS_HBV_DEATHS_NUM,Deaths caused by chronic hepatitis B (HBV) infection (number),numeric,EMR,Eastern Mediterranean,Country,JOR,Jordan,Year,2022,true,,,,,,,,,,,,,623.8,,,,,,624,,,EN,2024-04-01T22:00:00.000Z
HEPATITIS_HBV_DEATHS_NUM,Deaths caused by chronic hepatitis B (HBV) infection (number),numeric,AFR,Africa,Country,MLI,Mali,Year,2022,true,,,,,,,,,,,,,6252,,,,,,6252,,,EN,2024-04-01T22:00:00.000Z
HEPATITIS_HBV_DEATHS_NUM,Deaths caused by chronic hepatitis B (HBV) infection (number),numeric,EMR,Eastern Mediterranean,Country,IRN,Iran (Islamic Republic of),Year,2022,true,,,,,,,,,,,,,6367,,,,,,6367,,,EN,2024-04-01T22:00:00.000Z
HEPATITIS_HBV_DEATHS_NUM,Deaths caused by chronic hepatitis B (HBV) infection (number),numeric,AMR,Americas,Country,GUY,Guyana,Year,2022,true,,,,,,,,,,,,,63.65,,,,,,64,,,EN,2024-04-01T22:00:00.000Z
HEPATITIS_HBV_DEATHS_NUM,Deaths caused by chronic hepatitis B (HBV) infection (number),numeric,EUR,Europe,Country,ISR,Israel,Year,2022,true,,,,,,,,,,,,,645.8,,,,,,646,,,EN,2024-04-01T22:00:00.000Z
HEPATITIS_HBV_DEATHS_NUM,Deaths caused by chronic hepatitis B (HBV) infection (number),numeric,AMR,Americas,Country,BOL,Bolivia (Plurinational State of),Year,2022,true,,,,,,,,,,,,,64.86,,,,,,65,,,EN,2024-04-01T22:00:00.000Z
HEPATITIS_HBV_DEATHS_NUM,Deaths caused by chronic hepatitis B (HBV) infection (number),numeric,WPR,Western Pacific,Country,MNG,Mongolia,Year,2022,true,,,,,,,,,,,,,677,,,,,,677,,,EN,2024-04-01T22:00:00.000Z
HEPATITIS_HBV_DEATHS_NUM,Deaths caused by chronic hepatitis B (HBV) infection (number),numeric,EUR,Europe,Country,ALB,Albania,Year,2022,true,,,,,,,,,,,,,690.7,,,,,,691,,,EN,2024-04-01T22:00:00.000Z
HEPATITIS_HBV_DEATHS_NUM,Deaths caused by chronic hepatitis B (HBV) infection (number),numeric,AMR,Americas,Country,CHL,Chile,Year,2022,true,,,,,,,,,,,,,7,,,,,,7,,,EN,2024-04-01T22:00:00.000Z
HEPATITIS_HBV_DEATHS_NUM,Deaths caused by chronic hepatitis B (HBV) infection (number),numeric,AMR,Americas,Country,GRD,Grenada,Year,2022,true,,,,,,,,,,,,,7.1,,,,,,7,,,EN,2024-04-01T22:00:00.000Z
HEPATITIS_HBV_DEATHS_NUM,Deaths caused by chronic hepatitis B (HBV) infection (number),numeric,EUR,Europe,Country,TUR,Türkiye,Year,2022,true,,,,,,,,,,,,,7043,,,,,,7043,,,EN,2024-04-01T22:00:00.000Z
HEPATITIS_HBV_DEATHS_NUM,Deaths caused by chronic hepatitis B (HBV) infection (number),numeric,AFR,Africa,Country,RWA,Rwanda,Year,2022,true,,,,,,,,,,,,,706.4,,,,,,706,,,EN,2024-04-01T22:00:00.000Z
HEPATITIS_HBV_DEATHS_NUM,Deaths caused by chronic hepatitis B (HBV) infection (number),numeric,WPR,Western Pacific,Country,KOR,Republic of Korea,Year,2022,true,,,,,,,,,,,,,7225,,,,,,7225,,,EN,2024-04-01T22:00:00.000Z
HEPATITIS_HBV_DEATHS_NUM,Deaths caused by chronic hepatitis B (HBV) infection (number),numeric,AMR,Americas,Country,DOM,Dominican Republic,Year,2022,true,,,,,,,,,,,,,749.8,,,,,,750,,,EN,2024-04-01T22:00:00.000Z
HEPATITIS_HBV_DEATHS_NUM,Deaths caused by chronic hepatitis B (HBV) infection (number),numeric,AMR,Americas,Country,HND,Honduras,Year,2022,true,,,,,,,,,,,,,77.1,,,,,,77,,,EN,2024-04-01T22:00:00.000Z
HEPATITIS_HBV_DEATHS_NUM,Deaths caused by chronic hepatitis B (HBV) infection (number),numeric,AFR,Africa,Country,ZWE,Zimbabwe,Year,2022,true,,,,,,,,,,,,,7876,,,,,,7876,,,EN,2024-04-01T22:00:00.000Z
HEPATITIS_HBV_DEATHS_NUM,Deaths caused by chronic hepatitis B (HBV) infection (number),numeric,AFR,Africa,Country,MOZ,Mozambique,Year,2022,true,,,,,,,,,,,,,7878,,,,,,7878,,,EN,2024-04-01T22:00:00.000Z
HEPATITIS_HBV_DEATHS_NUM,Deaths caused by chronic hepatitis B (HBV) infection (number),numeric,AFR,Africa,Country,ERI,Eritrea,Year,2022,true,,,,,,,,,,,,,799.1,,,,,,799,,,EN,2024-04-01T22:00:00.000Z
HEPATITIS_HBV_DEATHS_NUM,Deaths caused by chronic hepatitis B (HBV) infection (number),numeric,EUR,Europe,Country,ISL,Iceland,Year,2022,true,,,,,,,,,,,,,7.58,,,,,,8,,,EN,2024-04-01T22:00:00.000Z
HEPATITIS_HBV_DEATHS_NUM,Deaths caused by chronic hepatitis B (HBV) infection (number),numeric,WPR,Western Pacific,Country,MHL,Marshall Islands,Year,2022,true,,,,,,,,,,,,,8.12,,,,,,8,,,EN,2024-04-01T22:00:00.000Z
HEPATITIS_HBV_DEATHS_NUM,Deaths caused by chronic hepatitis B (HBV) infection (number),numeric,EUR,Europe,Country,RUS,Russian Federation,Year,2022,true,,,,,,,,,,,,,8477,,,,,,8477,,,EN,2024-04-01T22:00:00.000Z
HEPATITIS_HBV_DEATHS_NUM,Deaths caused by chronic hepatitis B (HBV) infection (number),numeric,AFR,Africa,Country,TCD,Chad,Year,2022,true,,,,,,,,,,,,,8903,,,,,,8903,,,EN,2024-04-01T22:00:00.000Z
HEPATITIS_HBV_DEATHS_NUM,Deaths caused by chronic hepatitis B (HBV) infection (number),numeric,AFR,Africa,Country,TZA,United Republic of Tanzania,Year,2022,true,,,,,,,,,,,,,8981,,,,,,8981,,,EN,2024-04-01T22:00:00.000Z
HEPATITIS_HBV_DEATHS_NUM,Deaths caused by chronic hepatitis B (HBV) infection (number),numeric,AFR,Africa,Country,LBR,Liberia,Year,2022,true,,,,,,,,,,,,,898.6,,,,,,899,,,EN,2024-04-01T22:00:00.000Z
HEPATITIS_HBV_DEATHS_NUM,Deaths caused by chronic hepatitis B (HBV) infection (number),numeric,EMR,Eastern Mediterranean,Country,QAT,Qatar,Year,2022,true,,,,,,,,,,,,,91.07,,,,,,91,,,EN,2024-04-01T22:00:00.000Z
HEPATITIS_HBV_DEATHS_NUM,Deaths caused by chronic hepatitis B (HBV) infection (number),numeric,WPR,Western Pacific,Country,AUS,Australia,Year,2022,true,,,,,,,,,,,,,960,,,,,,960,,,EN,2024-04-01T22:00:00.000Z
HEPATITIS_HBV_DEATHS_NUM,Deaths caused by chronic hepatitis B (HBV) infection (number),numeric,AFR,Africa,Country,GNB,Guinea-Bissau,Year,2022,true,,,,,,,,,,,,,998.9,,,,,,999,,,EN,2024-04-01T22:00:00.000Z
HEPATITIS_HCV_DEATHS_NUM,Deaths caused by chronic hepatitis C (HCV) infection (number),numeric,AMR,Americas,Country,CRI,Costa Rica,Year,2022,true,,,,,,,,,,,,,0,,,,,,0,,,EN,2024-04-01T22:00:00.000Z
HEPATITIS_HCV_DEATHS_NUM,Deaths caused by chronic hepatitis C (HCV) infection (number),numeric,EUR,Europe,Country,ISL,Iceland,Year,2022,true,,,,,,,,,,,,,0.017,,,,,,0,,,EN,2024-04-01T22:00:00.000Z
HEPATITIS_HCV_DEATHS_NUM,Deaths caused by chronic hepatitis C (HCV) infection (number),numeric,WPR,Western Pacific,Country,NRU,Nauru,Year,2022,true,,,,,,,,,,,,,0.42,,,,,,0,,,EN,2024-04-01T22:00:00.000Z
HEPATITIS_HCV_DEATHS_NUM,Deaths caused by chronic hepatitis C (HCV) infection (number),numeric,WPR,Western Pacific,Country,NIU,Niue,Year,2022,true,,,,,,,,,,,,,0.065,,,,,,0,,,EN,2024-04-01T22:00:00.000Z
HEPATITIS_HCV_DEATHS_NUM,Deaths caused by chronic hepatitis C (HCV) infection (number),numeric,WPR,Western Pacific,Country,TUV,Tuvalu,Year,2022,true,,,,,,,,,,,,,0.38,,,,,,0,,,EN,2024-04-01T22:00:00.000Z
HEPATITIS_HCV_DEATHS_NUM,Deaths caused by chronic hepatitis C (HCV) infection (number),numeric,WPR,Western Pacific,Country,COK,Cook Islands,Year,2022,true,,,,,,,,,,,,,0.57,,,,,,1,,,EN,2024-04-01T22:00:00.000Z
HEPATITIS_HCV_DEATHS_NUM,Deaths caused by chronic hepatitis C (HCV) infection (number),numeric,WPR,Western Pacific,Country,MHL,Marshall Islands,Year,2022,true,,,,,,,,,,,,,1.39,,,,,,1,,,EN,2024-04-01T22:00:00.000Z
HEPATITIS_HCV_DEATHS_NUM,Deaths caused by chronic hepatitis C (HCV) infection (number),numeric,EUR,Europe,Country,MCO,Monaco,Year,2022,true,,,,,,,,,,,,,0.93,,,,,,1,,,EN,2024-04-01T22:00:00.000Z
HEPATITIS_HCV_DEATHS_NUM,Deaths caused by chronic hepatitis C (HCV) infection (number),numeric,WPR,Western Pacific,Country,PLW,Palau,Year,2022,true,,,,,,,,,,,,,0.6,,,,,,1,,,EN,2024-04-01T22:00:00.000Z
HEPATITIS_HCV_DEATHS_NUM,Deaths caused by chronic hepatitis C (HCV) infection (number),numeric,EUR,Europe,Country,SMR,San Marino,Year,2022,true,,,,,,,,,,,,,0.85,,,,,,1,,,EN,2024-04-01T22:00:00.000Z
HEPATITIS_HCV_DEATHS_NUM,Deaths caused by chronic hepatitis C (HCV) infection (number),numeric,AFR,Africa,Country,CAF,Central African Republic,Year,2022,true,,,,,,,,,,,,,99.73,,,,,,100,,,EN,2024-04-01T22:00:00.000Z
HEPATITIS_HCV_DEATHS_NUM,Deaths caused by chronic hepatitis C (HCV) infection (number),numeric,EMR,Eastern Mediterranean,Country,JOR,Jordan,Year,2022,true,,,,,,,,,,,,,100.4,,,,,,100,,,EN,2024-04-01T22:00:00.000Z
HEPATITIS_HCV_DEATHS_NUM,Deaths caused by chronic hepatitis C (HCV) infection (number),numeric,EUR,Europe,Country,ALB,Albania,Year,2022,true,,,,,,,,,,,,,102.2,,,,,,102,,,EN,2024-04-01T22:00:00.000Z
HEPATITIS_HCV_DEATHS_NUM,Deaths caused by chronic hepatitis C (HCV) infection (number),numeric,AFR,Africa,Country,CMR,Cameroon,Year,2022,true,,,,,,,,,,,,,1032,,,,,,1032,,,EN,2024-04-01T22:00:00.000Z
HEPATITIS_HCV_DEATHS_NUM,Deaths caused by chronic hepatitis C (HCV) infection (number),numeric,WPR,Western Pacific,Country,KHM,Cambodia,Year,2022,true,,,,,,,,,,,,,1034,,,,,,1034,,,EN,2024-04-01T22:00:00.000Z
HEPATITIS_HCV_DEATHS_NUM,Deaths caused by chronic hepatitis C (HCV) infection (number),numeric,WPR,Western Pacific,Country,JPN,Japan,Year,2022,true,,,,,,,,,,,,,10599,,,,,,10599,,,EN,2024-04-01T22:00:00.000Z
HEPATITIS_HCV_DEATHS_NUM,Deaths caused by chronic hepatitis C (HCV) infection (number),numeric,AMR,Americas,Country,BRB,Barbados,Year,2022,true,,,,,,,,,,,,,11.02,,,,,,11,,,EN,2024-04-01T22:00:00.000Z
HEPATITIS_HCV_DEATHS_NUM,Deaths caused by chronic hepatitis C (HCV) infection (number),numeric,AMR,Americas,Country,BOL,Bolivia (Plurinational State of),Year,2022,true,,,,,,,,,,,,,111.1,,,,,,111,,,EN,2024-04-01T22:00:00.000Z
HEPATITIS_HCV_DEATHS_NUM,Deaths caused by chronic hepatitis C (HCV) infection (number),numeric,AMR,Americas,Country,JAM,Jamaica,Year,2022,true,,,,,,,,,,,,,110.6,,,,,,111,,,EN,2024-04-01T22:00:00.000Z
HEPATITIS_HCV_DEATHS_NUM,Deaths caused by chronic hepatitis C (HCV) infection (number),numeric,EMR,Eastern Mediterranean,Country,SYR,Syrian Arab Republic,Year,2022,true,,,,,,,,,,,,,1119,,,,,,1119,,,EN,2024-04-01T22:00:00.000Z
HEPATITIS_HCV_DEATHS_NUM,Deaths caused by chronic hepatitis C (HCV) infection (number),numeric,AFR,Africa,Country,AGO,Angola,Year,2022,true,,,,,,,,,,,,,1132,,,,,,1132,,,EN,2024-04-01T22:00:00.000Z
HEPATITIS_HCV_DEATHS_NUM,Deaths caused by chronic hepatitis C (HCV) infection (number),numeric,AMR,Americas,Country,VEN,Venezuela (Bolivarian Republic of),Year,2022,true,,,,,,,,,,,,,1159,,,,,,1159,,,EN,2024-04-01T22:00:00.000Z
HEPATITIS_HCV_DEATHS_NUM,Deaths caused by chronic hepatitis C (HCV) infection (number),numeric,EUR,Europe,Country,BIH,Bosnia and Herzegovina,Year,2022,true,,,,,,,,,,,,,116.3,,,,,,116,,,EN,2024-04-01T22:00:00.000Z
HEPATITIS_HCV_DEATHS_NUM,Deaths caused by chronic hepatitis C (HCV) infection (number),numeric,AFR,Africa,Country,KEN,Kenya,Year,2022,true,,,,,,,,,,,,,1172,,,,,,1172,,,EN,2024-04-01T22:00:00.000Z
HEPATITIS_HCV_DEATHS_NUM,Deaths caused by chronic hepatitis C (HCV) infection (number),numeric,AMR,Americas,Country,MEX,Mexico,Year,2022,true,,,,,,,,,,,,,11851,,,,,,11851,,,EN,2024-04-01T22:00:00.000Z
HEPATITIS_HCV_DEATHS_NUM,Deaths caused by chronic hepatitis C (HCV) infection (number),numeric,EUR,Europe,Country,KAZ,Kazakhstan,Year,2022,true,,,,,,,,,,,,,1243,,,,,,1243,,,EN,2024-04-01T22:00:00.000Z
HEPATITIS_HCV_DEATHS_NUM,Deaths caused by chronic hepatitis C (HCV) infection (number),numeric,EMR,Eastern Mediterranean,Country,YEM,Yemen,Year,2022,true,,,,,,,,,,,,,1361,,,,,,1361,,,EN,2024-04-01T22:00:00.000Z
HEPATITIS_HCV_DEATHS_NUM,Deaths caused by chronic hepatitis C (HCV) infection (number),numeric,EUR,Europe,Country,TUR,Türkiye,Year,2022,true,,,,,,,,,,,,,1392,,,,,,1392,,,EN,2024-04-01T22:00:00.000Z
HEPATITIS_HCV_DEATHS_NUM,Deaths caused by chronic hepatitis C (HCV) infection (number),numeric,AMR,Americas,Country,CHL,Chile,Year,2022,true,,,,,,,,,,,,,14,,,,,,14,,,EN,2024-04-01T22:00:00.000Z
HEPATITIS_HCV_DEATHS_NUM,Deaths caused by chronic hepatitis C (HCV) infection (number),numeric,WPR,Western Pacific,Country,VUT,Vanuatu,Year,2022,true,,,,,,,,,,,,,14,,,,,,14,,,EN,2024-04-01T22:00:00.000Z
HEPATITIS_HCV_DEATHS_NUM,Deaths caused by chronic hepatitis C (HCV) infection (number),numeric,EUR,Europe,Country,UZB,Uzbekistan,Year,2022,true,,,,,,,,,,,,,1492,,,,,,1492,,,EN,2024-04-01T22:00:00.000Z
HEPATITIS_HCV_DEATHS_NUM,Deaths caused by chronic hepatitis C (HCV) infection (number),numeric,SEAR,South-East Asia,Country,MDV,Maldives,Year,2022,true,,,,,,,,,,,,,14.63,,,,,,15,,,EN,2024-04-01T22:00:00.000Z
HEPATITIS_HCV_DEATHS_NUM,Deaths caused by chronic hepatitis C (HCV) infection (number),numeric,AFR,Africa,Country,MRT,Mauritania,Year,2022,true,,,,,,,,,,,,,149.9,,,,,,150,,,EN,2024-04-01T22:00:00.000Z
HEPATITIS_HCV_DEATHS_NUM,Deaths caused by chronic hepatitis C (HCV) infection (number),numeric,EMR,Eastern Mediterranean,Country,LBY,Libya,Year,2022,true,,,,,,,,,,,,,151,,,,,,151,,,EN,2024-04-01T22:00:00.000Z
HEPATITIS_HCV_DEATHS_NUM,Deaths caused by chronic hepatitis C (HCV) infection (number),numeric,AMR,Americas,Country,URY,Uruguay,Year,2022,true,,,,,,,,,,,,,152,,,,,,152,,,EN,2024-04-01T22:00:00.000Z
HEPATITIS_HCV_DEATHS_NUM,Deaths caused by chronic hepatitis C (HCV) infection (number),numeric,AFR,Africa,Country,BDI,Burundi,Year,2022,true,,,,,,,,,,,,,1536,,,,,,1536,,,EN,2024-04-01T22:00:00.000Z
HEPATITIS_HCV_DEATHS_NUM,Deaths caused by chronic hepatitis C (HCV) infection (number),numeric,AMR,Americas,Country,BHS,Bahamas,Year,2022,true,,,,,,,,,,,,,16.04,,,,,,16,,,EN,2024-04-01T22:00:00.000Z
HEPATITIS_HCV_DEATHS_NUM,Deaths caused by chronic hepatitis C (HCV) infection (number),numeric,AMR,Americas,Country,BLZ,Belize,Year,2022,true,,,,,,,,,,,,,15.86,,,,,,16,,,EN,2024-04-01T22:00:00.000Z
HEPATITIS_HCV_DEATHS_NUM,Deaths caused by chronic hepatitis C (HCV) infection (number),numeric,AMR,Americas,Country,ECU,Ecuador,Year,2022,true,,,,,,,,,,,,,163.6,,,,,,164,,,EN,2024-04-01T22:00:00.000Z
HEPATITIS_HCV_DEATHS_NUM,Deaths caused by chronic hepatitis C (HCV) infection (number),numeric,AFR,Africa,Country,GHA,Ghana,Year,2022,true,,,,,,,,,,,,,1659,,,,,,1659,,,EN,2024-04-01T22:00:00.000Z
HEPATITIS_HCV_DEATHS_NUM,Deaths caused by chronic hepatitis C (HCV) infection (number),numeric,AFR,Africa,Country,LBR,Liberia,Year,2022,true,,,,,,,,,,,,,167.9,,,,,,168,,,EN,2024-04-01T22:00:00.000Z
HEPATITIS_HCV_DEATHS_NUM,Deaths caused by chronic hepatitis C (HCV) infection (number),numeric,EUR,Europe,Country,CHE,Switzerland,Year,2022,true,,,,,,,,,,,,,175,,,,,,175,,,EN,2024-04-01T22:00:00.000Z
HEPATITIS_HCV_DEATHS_NUM,Deaths caused by chronic hepatitis C (HCV) infection (number),numeric,AFR,Africa,Country,RWA,Rwanda,Year,2022,true,,,,,,,,,,,,,176.6,,,,,,177,,,EN,2024-04-01T22:00:00.000Z
HEPATITIS_HCV_DEATHS_NUM,Deaths caused by chronic hepatitis C (HCV) infection (number),numeric,AFR,Africa,Country,DZA,Algeria,Year,2022,true,,,,,,,,,,,,,1802,,,,,,1802,,,EN,2024-04-01T22:00:00.000Z
HEPATITIS_HCV_DEATHS_NUM,Deaths caused by chronic hepatitis C (HCV) infection (number),numeric,EUR,Europe,Country,GEO,Georgia,Year,2022,true,,,,,,,,,,,,,183.4,,,,,,183,,,EN,2024-04-01T22:00:00.000Z
HEPATITIS_HCV_DEATHS_NUM,Deaths caused by chronic hepatitis C (HCV) infection (number),numeric,AFR,Africa,Country,CPV,Cabo Verde,Year,2022,true,,,,,,,,,,,,,18.78,,,,,,19,,,EN,2024-04-01T22:00:00.000Z
HEPATITIS_HCV_DEATHS_NUM,Deaths caused by chronic hepatitis C (HCV) infection (number),numeric,AFR,Africa,Country,COG,Congo,Year,2022,true,,,,,,,,,,,,,189.9,,,,,,190,,,EN,2024-04-01T22:00:00.000Z
HEPATITIS_HCV_DEATHS_NUM,Deaths caused by chronic hepatitis C (HCV) infection (number),numeric,EUR,Europe,Country,AND,Andorra,Year,2022,true,,,,,,,,,,,,,2.03,,,,,,2,,,EN,2024-04-01T22:00:00.000Z
HEPATITIS_HCV_DEATHS_NUM,Deaths caused by chronic hepatitis C (HCV) infection (number),numeric,EUR,Europe,Country,NOR,Norway,Year,2022,true,,,,,,,,,,,,,1.6,,,,,,2,,,EN,2024-04-01T22:00:00.000Z
HEPATITIS_HCV_DEATHS_NUM,Deaths caused by chronic hepatitis C (HCV) infection (number),numeric,AMR,Americas,Country,KNA,Saint Kitts and Nevis,Year,2022,true,,,,,,,,,,,,,2.04,,,,,,2,,,EN,2024-04-01T22:00:00.000Z
HEPATITIS_HCV_DEATHS_NUM,Deaths caused by chronic hepatitis C (HCV) infection (number),numeric,EMR,Eastern Mediterranean,Country,TUN,Tunisia,Year,2022,true,,,,,,,,,,,,,208.6,,,,,,209,,,EN,2024-04-01T22:00:00.000Z
HEPATITIS_HCV_DEATHS_NUM,Deaths caused by chronic hepatitis C (HCV) infection (number),numeric,AFR,Africa,Country,COM,Comoros,Year,2022,true,,,,,,,,,,,,,20.52,,,,,,21,,,EN,2024-04-01T22:00:00.000Z
HEPATITIS_HCV_DEATHS_NUM,Deaths caused by chronic hepatitis C (HCV) infection (number),numeric,WPR,Western Pacific,Country,LAO,Lao People's Democratic Republic,Year,2022,true,,,,,,,,,,,,,210,,,,,,210,,,EN,2024-04-01T22:00:00.000Z
HEPATITIS_HCV_DEATHS_NUM,Deaths caused by chronic hepatitis C (HCV) infection (number),numeric,SEAR,South-East Asia,Country,THA,Thailand,Year,2022,true,,,,,,,,,,,,,2123,,,,,,2123,,,EN,2024-04-01T22:00:00.000Z
HEPATITIS_HCV_DEATHS_NUM,Deaths caused by chronic hepatitis C (HCV) infection (number),numeric,AFR,Africa,Country,ZAF,South Africa,Year,2022,true,,,,,,,,,,,,,2138,,,,,,2138,,,EN,2024-04-01T22:00:00.000Z
HEPATITIS_HCV_DEATHS_NUM,Deaths caused by chronic hepatitis C (HCV) infection (number),numeric,EUR,Europe,Country,MDA,Republic of Moldova,Year,2022,true,,,,,,,,,,,,,221.4,,,,,,221,,,EN,2024-04-01T22:00:00.000Z
HEPATITIS_HCV_DEATHS_NUM,Deaths caused by chronic hepatitis C (HCV) infection (number),numeric,EUR,Europe,Country,MNE,Montenegro,Year,2022,true,,,,,,,,,,,,,22.56,,,,,,23,,,EN,2024-04-01T22:00:00.000Z
HEPATITIS_HCV_DEATHS_NUM,Deaths caused by chronic hepatitis C (HCV) infection (number),numeric,AMR,Americas,Country,NIC,Nicaragua,Year,2022,true,,,,,,,,,,,,,229.6,,,,,,230,,,EN,2024-04-01T22:00:00.000Z
HEPATITIS_HCV_DEATHS_NUM,Deaths caused by chronic hepatitis C (HCV) infection (number),numeric,AMR,Americas,Country,SUR,Suriname,Year,2022,true,,,,,,,,,,,,,24.19,,,,,,24,,,EN,2024-04-01T22:00:00.000Z
HEPATITIS_HCV_DEATHS_NUM,Deaths caused by chronic hepatitis C (HCV) infection (number),numeric,EMR,Eastern Mediterranean,Country,LBN,Lebanon,Year,2022,true,,,,,,,,,,,,,25.12,,,,,,25,,,EN,2024-04-01T22:00:00.000Z
HEPATITIS_HCV_DEATHS_NUM,Deaths caused by chronic hepatitis C (HCV) infection (number),numeric,AMR,Americas,Country,ARG,Argentina,Year,2022,true,,,,,,,,,,,,,2526,,,,,,2526,,,EN,2024-04-01T22:00:00.000Z
HEPATITIS_HCV_DEATHS_NUM,Deaths caused by chronic hepatitis C (HCV) infection (number),numeric,WPR,Western Pacific,Country,BRN,Brunei Darussalam,Year,2022,true,,,,,,,,,,,,,26.25,,,,,,26,,,EN,2024-04-01T22:00:00.000Z
HEPATITIS_HCV_DEATHS_NUM,Deaths caused by chronic hepatitis C (HCV) infection (number),numeric,EUR,Europe,Country,SRB,Serbia,Year,2022,true,,,,,,,,,,,,,259.7,,,,,,260,,,EN,2024-04-01T22:00:00.000Z
HEPATITIS_HCV_DEATHS_NUM,Deaths caused by chronic hepatitis C (HCV) infection (number),numeric,AFR,Africa,Country,COD,Democratic Republic of the Congo,Year,2022,true,,,,,,,,,,,,,2643,,,,,,2643,,,EN,2024-04-01T22:00:00.000Z
HEPATITIS_HCV_DEATHS_NUM,Deaths caused by chronic hepatitis C (HCV) infection (number),numeric,AFR,Africa,Country,SSD,South Sudan,Year,2022,true,,,,,,,,,,,,,267.6,,,,,,268,,,EN,2024-04-01T22:00:00.000Z
HEPATITIS_HCV_DEATHS_NUM,Deaths caused by chronic hepatitis C (HCV) infection (number),numeric,AMR,Americas,Country,CAN,Canada,Year,2022,true,,,,,,,,,,,,,2692,,,,,,2692,,,EN,2024-04-01T22:00:00.000Z
HEPATITIS_HCV_DEATHS_NUM,Deaths caused by chronic hepatitis C (HCV) infection (number),numeric,AMR,Americas,Country,COL,Colombia,Year,2022,true,,,,,,,,,,,,,27,,,,,,27,,,EN,2024-04-01T22:00:00.000Z
HEPATITIS_HCV_DEATHS_NUM,Deaths caused by chronic hepatitis C (HCV) infection (number),numeric,AFR,Africa,Country,SLE,Sierra Leone,Year,2022,true,,,,,,,,,,,,,272.4,,,,,,272,,,EN,2024-04-01T22:00:00.000Z
HEPATITIS_HCV_DEATHS_NUM,Deaths caused by chronic hepatitis C (HCV) infection (number),numeric,WPR,Western Pacific,Country,NZL,New Zealand,Year,2022,true,,,,,,,,,,,,,276,,,,,,276,,,EN,2024-04-01T22:00:00.000Z
HEPATITIS_HCV_DEATHS_NUM,Deaths caused by chronic hepatitis C (HCV) infection (number),numeric,EMR,Eastern Mediterranean,Country,DJI,Djibouti,Year,2022,true,,,,,,,,,,,,,27.98,,,,,,28,,,EN,2024-04-01T22:00:00.000Z
HEPATITIS_HCV_DEATHS_NUM,Deaths caused by chronic hepatitis C (HCV) infection (number),numeric,AFR,Africa,Country,TGO,Togo,Year,2022,true,,,,,,,,,,,,,280.1,,,,,,280,,,EN,2024-04-01T22:00:00.000Z
HEPATITIS_HCV_DEATHS_NUM,Deaths caused by chronic hepatitis C (HCV) infection (number),numeric,EMR,Eastern Mediterranean,Country,SAU,Saudi Arabia,Year,2022,true,,,,,,,,,,,,,292,,,,,,292,,,EN,2024-04-01T22:00:00.000Z
HEPATITIS_HCV_DEATHS_NUM,Deaths caused by chronic hepatitis C (HCV) infection (number),numeric,AMR,Americas,Country,BRA,Brazil,Year,2022,true,,,,,,,,,,,,,2977,,,,,,2977,,,EN,2024-04-01T22:00:00.000Z
HEPATITIS_HCV_DEATHS_NUM,Deaths caused by chronic hepatitis C (HCV) infection (number),numeric,AMR,Americas,Country,DMA,Dominica,Year,2022,true,,,,,,,,,,,,,3.11,,,,,,3,,,EN,2024-04-01T22:00:00.000Z
HEPATITIS_HCV_DEATHS_NUM,Deaths caused by chronic hepatitis C (HCV) infection (number),numeric,WPR,Western Pacific,Country,FJI,Fiji,Year,2022,true,,,,,,,,,,,,,3.29,,,,,,3,,,EN,2024-04-01T22:00:00.000Z
HEPATITIS_HCV_DEATHS_NUM,Deaths caused by chronic hepatitis C (HCV) infection (number),numeric,AFR,Africa,Country,SYC,Seychelles,Year,2022,true,,,,,,,,,,,,,3,,,,,,3,,,EN,2024-04-01T22:00:00.000Z
HEPATITIS_HCV_DEATHS_NUM,Deaths caused by chronic hepatitis C (HCV) infection (number),numeric,WPR,Western Pacific,Country,SLB,Solomon Islands,Year,2022,true,,,,,,,,,,,,,30.46,,,,,,30,,,EN,2024-04-01T22:00:00.000Z
HEPATITIS_HCV_DEATHS_NUM,Deaths caused by chronic hepatitis C (HCV) infection (number),numeric,WPR,Western Pacific,Country,PHL,Philippines,Year,2022,true,,,,,,,,,,,,,3001,,,,,,3001,,,EN,2024-04-01T22:00:00.000Z
HEPATITIS_HCV_DEATHS_NUM,Deaths caused by chronic hepatitis C (HCV) infection (number),numeric,AMR,Americas,Country,PER,Peru,Year,2022,true,,,,,,,,,,,,,309.5,,,,,,310,,,EN,2024-04-01T22:00:00.000Z
HEPATITIS_HCV_DEATHS_NUM,Deaths caused by chronic hepatitis C (HCV) infection (number),numeric,EMR,Eastern Mediterranean,Country,IRQ,Iraq,Year,2022,true,,,,,,,,,,,,,315.6,,,,,,316,,,EN,2024-04-01T22:00:00.000Z
HEPATITIS_HCV_DEATHS_NUM,Deaths caused by chronic hepatitis C (HCV) infection (number),numeric,EUR,Europe,Country,ARM,Armenia,Year,2022,true,,,,,,,,,,,,,318.6,,,,,,319,,,EN,2024-04-01T22:00:00.000Z
HEPATITIS_HCV_DEATHS_NUM,Deaths caused by chronic hepatitis C (HCV) infection (number),numeric,AMR,Americas,Country,GUY,Guyana,Year,2022,true,,,,,,,,,,,,,31.65,,,,,,32,,,EN,2024-04-01T22:00:00.000Z
HEPATITIS_HCV_DEATHS_NUM,Deaths caused by chronic hepatitis C (HCV) infection (number),numeric,SEAR,South-East Asia,Country,NPL,Nepal,Year,2022,true,,,,,,,,,,,,,331.3,,,,,,331,,,EN,2024-04-01T22:00:00.000Z
HEPATITIS_HCV_DEATHS_NUM,Deaths caused by chronic hepatitis C (HCV) infection (number),numeric,EUR,Europe,Country,ISR,Israel,Year,2022,true,,,,,,,,,,,,,340,,,,,,340,,,EN,2024-04-01T22:00:00.000Z
HEPATITIS_HCV_DEATHS_NUM,Deaths caused by chronic hepatitis C (HCV) infection (number),numeric,AMR,Americas,Country,HND,Honduras,Year,2022,true,,,,,,,,,,,,,344.7,,,,,,345,,,EN,2024-04-01T22:00:00.000Z
HEPATITIS_HCV_DEATHS_NUM,Deaths caused by chronic hepatitis C (HCV) infection (number),numeric,AFR,Africa,Country,ETH,Ethiopia,Year,2022,true,,,,,,,,,,,,,3465,,,,,,3465,,,EN,2024-04-01T22:00:00.000Z
HEPATITIS_HCV_DEATHS_NUM,Deaths caused by chronic hepatitis C (HCV) infection (number),numeric,AFR,Africa,Country,TZA,United Republic of Tanzania,Year,2022,true,,,,,,,,,,,,,346.7,,,,,,347,,,EN,2024-04-01T22:00:00.000Z
HEPATITIS_HCV_DEATHS_NUM,Deaths caused by chronic hepatitis C (HCV) infection (number),numeric,AFR,Africa,Country,MUS,Mauritius,Year,2022,true,,,,,,,,,,,,,36.41,,,,,,36,,,EN,2024-04-01T22:00:00.000Z
HEPATITIS_HCV_DEATHS_NUM,Deaths caused by chronic hepatitis C (HCV) infection (number),numeric,EMR,Eastern Mediterranean,Country,IRN,Iran (Islamic Republic of),Year,2022,true,,,,,,,,,,,,,360.9,,,,,,361,,,EN,2024-04-01T22:00:00.000Z
HEPATITIS_HCV_DEATHS_NUM,Deaths caused by chronic hepatitis C (HCV) infection (number),numeric,SEAR,South-East Asia,Country,TLS,Timor-Leste,Year,2022,true,,,,,,,,,,,,,37.47,,,,,,37,,,EN,2024-04-01T22:00:00.000Z
HEPATITIS_HCV_DEATHS_NUM,Deaths caused by chronic hepatitis C (HCV) infection (number),numeric,EUR,Europe,Country,TKM,Turkmenistan,Year,2022,true,,,,,,,,,,,,,374.7,,,,,,375,,,EN,2024-04-01T22:00:00.000Z
HEPATITIS_HCV_DEATHS_NUM,Deaths caused by chronic hepatitis C (HCV) infection (number),numeric,WPR,Western Pacific,Country,SGP,Singapore,Year,2022,true,,,,,,,,,,,,,376.3,,,,,,376,,,EN,2024-04-01T22:00:00.000Z
HEPATITIS_HCV_DEATHS_NUM,Deaths caused by chronic hepatitis C (HCV) infection (number),numeric,AMR,Americas,Country,DOM,Dominican Republic,Year,2022,true,,,,,,,,,,,,,377.5,,,,,,377,,,EN,2024-04-01T22:00:00.000Z
HEPATITIS_HCV_DEATHS_NUM,Deaths caused by chronic hepatitis C (HCV) infection (number),numeric,WPR,Western Pacific,Country,VNM,Viet Nam,Year,2022,true,,,,,,,,,,,,,3894,,,,,,3894,,,EN,2024-04-01T22:00:00.000Z
HEPATITIS_HCV_DEATHS_NUM,Deaths caused by chronic hepatitis C (HCV) infection (number),numeric,EMR,Eastern Mediterranean,Country,ARE,United Arab Emirates,Year,2022,true,,,,,,,,,,,,,396.2,,,,,,396,,,EN,2024-04-01T22:00:00.000Z
HEPATITIS_HCV_DEATHS_NUM,Deaths caused by chronic hepatitis C (HCV) infection (number),numeric,EUR,Europe,Country,GBR,United Kingdom of Great Britain and Northern Ireland,Year,2022,true,,,,,,,,,,,,,396.6,,,,,,397,,,EN,2024-04-01T22:00:00.000Z
HEPATITIS_HCV_DEATHS_NUM,Deaths caused by chronic hepatitis C (HCV) infection (number),numeric,AMR,Americas,Country,ATG,Antigua and Barbuda,Year,2022,true,,,,,,,,,,,,,3.67,,,,,,4,,,EN,2024-04-01T22:00:00.000Z
HEPATITIS_HCV_DEATHS_NUM,Deaths caused by chronic hepatitis C (HCV) infection (number),numeric,AMR,Americas,Country,VCT,Saint Vincent and the Grenadines,Year,2022,true,,,,,,,,,,,,,4.07,,,,,,4,,,EN,2024-04-01T22:00:00.000Z
HEPATITIS_HCV_DEATHS_NUM,Deaths caused by chronic hepatitis C (HCV) infection (number),numeric,WPR,Western Pacific,Country,TON,Tonga,Year,2022,true,,,,,,,,,,,,,4.49,,,,,,4,,,EN,2024-04-01T22:00:00.000Z
HEPATITIS_HCV_DEATHS_NUM,Deaths caused by chronic hepatitis C (HCV) infection (number),numeric,AFR,Africa,Country,SWZ,Eswatini,Year,2022,true,,,,,,,,,,,,,42.89,,,,,,43,,,EN,2024-04-01T22:00:00.000Z
HEPATITIS_HCV_DEATHS_NUM,Deaths caused by chronic hepatitis C (HCV) infection (number),numeric,AFR,Africa,Country,GIN,Guinea,Year,2022,true,,,,,,,,,,,,,438.8,,,,,,439,,,EN,2024-04-01T22:00:00.000Z
HEPATITIS_HCV_DEATHS_NUM,Deaths caused by chronic hepatitis C (HCV) infection (number),numeric,EMR,Eastern Mediterranean,Country,SOM,Somalia,Year,2022,true,,,,,,,,,,,,,439,,,,,,439,,,EN,2024-04-01T22:00:00.000Z
HEPATITIS_HCV_DEATHS_NUM,Deaths caused by chronic hepatitis C (HCV) infection (number),numeric,AMR,Americas,Country,HTI,Haiti,Year,2022,true,,,,,,,,,,,,,453.4,,,,,,453,,,EN,2024-04-01T22:00:00.000Z
HEPATITIS_HCV_DEATHS_NUM,Deaths caused by chronic hepatitis C (HCV) infection (number),numeric,WPR,Western Pacific,Country,PNG,Papua New Guinea,Year,2022,true,,,,,,,,,,,,,462.3,,,,,,462,,,EN,2024-04-01T22:00:00.000Z
HEPATITIS_HCV_DEATHS_NUM,Deaths caused by chronic hepatitis C (HCV) infection (number),numeric,EMR,Eastern Mediterranean,Country,OMN,Oman,Year,2022,true,,,,,,,,,,,,,47.95,,,,,,48,,,EN,2024-04-01T22:00:00.000Z
HEPATITIS_HCV_DEATHS_NUM,Deaths caused by chronic hepatitis C (HCV) infection (number),numeric,AFR,Africa,Country,ZMB,Zambia,Year,2022,true,,,,,,,,,,,,,490.8,,,,,,491,,,EN,2024-04-01T22:00:00.000Z
HEPATITIS_HCV_DEATHS_NUM,Deaths caused by chronic hepatitis C (HCV) infection (number),numeric,EUR,Europe,Country,RUS,Russian Federation,Year,2022,true,,,,,,,,,,,,,4927,,,,,,4927,,,EN,2024-04-01T22:00:00.000Z
HEPATITIS_HCV_DEATHS_NUM,Deaths caused by chronic hepatitis C (HCV) infection (number),numeric,AMR,Americas,Country,GRD,Grenada,Year,2022,true,,,,,,,,,,,,,4.91,,,,,,5,,,EN,2024-04-01T22:00:00.000Z
HEPATITIS_HCV_DEATHS_NUM,Deaths caused by chronic hepatitis C (HCV) infection (number),numeric,WPR,Western Pacific,Country,FSM,Micronesia (Federated States of),Year,2022,true,,,,,,,,,,,,,4.8,,,,,,5,,,EN,2024-04-01T22:00:00.000Z
HEPATITIS_HCV_DEATHS_NUM,Deaths caused by chronic hepatitis C (HCV) infection (number),numeric,AFR,Africa,Country,MWI,Malawi,Year,2022,true,,,,,,,,,,,,,500.4,,,,,,500,,,EN,2024-04-01T22:00:00.000Z
HEPATITIS_HCV_DEATHS_NUM,Deaths caused by chronic hepatitis C (HCV) infection (number),numeric,EMR,Eastern Mediterranean,Country,PAK,Pakistan,Year,2022,true,,,,,,,,,,,,,50000,,,,,,50000,,,EN,2024-04-01T22:00:00.000Z
HEPATITIS_HCV_DEATHS_NUM,Deaths caused by chronic hepatitis C (HCV) infection (number),numeric,WPR,Western Pacific,Country,AUS,Australia,Year,2022,true,,,,,,,,,,,,,505,,,,,,505,,,EN,2024-04-01T22:00:00.000Z
HEPATITIS_HCV_DEATHS_NUM,Deaths caused by chronic hepatitis C (HCV) infection (number),numeric,AFR,Africa,Country,GNQ,Equatorial Guinea,Year,2022,true,,,,,,,,,,,,,53.27,,,,,,53,,,EN,2024-04-01T22:00:00.000Z
HEPATITIS_HCV_DEATHS_NUM,Deaths caused by chronic hepatitis C (HCV) infection (number),numeric,AFR,Africa,Country,SEN,Senegal,Year,2022,true,,,,,,,,,,,,,548.2,,,,,,548,,,EN,2024-04-01T22:00:00.000Z
HEPATITIS_HCV_DEATHS_NUM,Deaths caused by chronic hepatitis C (HCV) infection (number),numeric,EMR,Eastern Mediterranean,Country,MAR,Morocco,Year,2022,true,,,,,,,,,,,,,564.7,,,,,,565,,,EN,2024-04-01T22:00:00.000Z
HEPATITIS_HCV_DEATHS_NUM,Deaths caused by chronic hepatitis C (HCV) infection (number),numeric,AFR,Africa,Country,NGA,Nigeria,Year,2022,true,,,,,,,,,,,,,5652,,,,,,5652,,,EN,2024-04-01T22:00:00.000Z
HEPATITIS_HCV_DEATHS_NUM,Deaths caused by chronic hepatitis C (HCV) infection (number),numeric,AFR,Africa,Country,ZWE,Zimbabwe,Year,2022,true,,,,,,,,,,,,,582.5,,,,,,582,,,EN,2024-04-01T22:00:00.000Z
HEPATITIS_HCV_DEATHS_NUM,Deaths caused by chronic hepatitis C (HCV) infection (number),numeric,AMR,Americas,Country,GTM,Guatemala,Year,2022,true,,,,,,,,,,,,,589.6,,,,,,590,,,EN,2024-04-01T22:00:00.000Z
HEPATITIS_HCV_DEATHS_NUM,Deaths caused by chronic hepatitis C (HCV) infection (number),numeric,WPR,Western Pacific,Country,KIR,Kiribati,Year,2022,true,,,,,,,,,,,,,5.52,,,,,,6,,,EN,2024-04-01T22:00:00.000Z
HEPATITIS_HCV_DEATHS_NUM,Deaths caused by chronic hepatitis C (HCV) infection (number),numeric,AMR,Americas,Country,TTO,Trinidad and Tobago,Year,2022,true,,,,,,,,,,,,,59.92,,,,,,60,,,EN,2024-04-01T22:00:00.000Z
HEPATITIS_HCV_DEATHS_NUM,Deaths caused by chronic hepatitis C (HCV) infection (number),numeric,AFR,Africa,Country,BFA,Burkina Faso,Year,2022,true,,,,,,,,,,,,,605,,,,,,605,,,EN,2024-04-01T22:00:00.000Z
HEPATITIS_HCV_DEATHS_NUM,Deaths caused by chronic hepatitis C (HCV) infection (number),numeric,EUR,Europe,Country,KGZ,Kyrgyzstan,Year,2022,true,,,,,,,,,,,,,604.7,,,,,,605,,,EN,2024-04-01T22:00:00.000Z
HEPATITIS_HCV_DEATHS_NUM,Deaths caused by chronic hepatitis C (HCV) infection (number),numeric,EMR,Eastern Mediterranean,Country,BHR,Bahrain,Year,2022,true,,,,,,,,,,,,,60.74,,,,,,61,,,EN,2024-04-01T22:00:00.000Z
HEPATITIS_HCV_DEATHS_NUM,Deaths caused by chronic hepatitis C (HCV) infection (number),numeric,SEAR,South-East Asia,Country,LKA,Sri Lanka,Year,2022,true,,,,,,,,,,,,,610,,,,,,610,,,EN,2024-04-01T22:00:00.000Z
HEPATITIS_HCV_DEATHS_NUM,Deaths caused by chronic hepatitis C (HCV) infection (number),numeric,AFR,Africa,Country,BEN,Benin,Year,2022,true,,,,,,,,,,,,,622.3,,,,,,622,,,EN,2024-04-01T22:00:00.000Z
HEPATITIS_HCV_DEATHS_NUM,Deaths caused by chronic hepatitis C (HCV) infection (number),numeric,SEAR,South-East Asia,Country,IDN,Indonesia,Year,2022,true,,,,,,,,,,,,,6322,,,,,,6322,,,EN,2024-04-01T22:00:00.000Z
HEPATITIS_HCV_DEATHS_NUM,Deaths caused by chronic hepatitis C (HCV) infection (number),numeric,EUR,Europe,Country,BLR,Belarus,Year,2022,true,,,,,,,,,,,,,645,,,,,,645,,,EN,2024-04-01T22:00:00.000Z
HEPATITIS_HCV_DEATHS_NUM,Deaths caused by chronic hepatitis C (HCV) infection (number),numeric,AFR,Africa,Country,GAB,Gabon,Year,2022,true,,,,,,,,,,,,,659.5,,,,,,659,,,EN,2024-04-01T22:00:00.000Z
HEPATITIS_HCV_DEATHS_NUM,Deaths caused by chronic hepatitis C (HCV) infection (number),numeric,AFR,Africa,Country,GNB,Guinea-Bissau,Year,2022,true,,,,,,,,,,,,,66.66,,,,,,67,,,EN,2024-04-01T22:00:00.000Z
HEPATITIS_HCV_DEATHS_NUM,Deaths caused by chronic hepatitis C (HCV) infection (number),numeric,EUR,Europe,Country,UKR,Ukraine,Year,2022,true,,,,,,,,,,,,,6732,,,,,,6732,,,EN,2024-04-01T22:00:00.000Z
HEPATITIS_HCV_DEATHS_NUM,Deaths caused by chronic hepatitis C (HCV) infection (number),numeric,AMR,Americas,Country,LCA,Saint Lucia,Year,2022,true,,,,,,,,,,,,,7.04,,,,,,7,,,EN,2024-04-01T22:00:00.000Z
HEPATITIS_HCV_DEATHS_NUM,Deaths caused by chronic hepatitis C (HCV) infection (number),numeric,AFR,Africa,Country,STP,Sao Tome and Principe,Year,2022,true,,,,,,,,,,,,,7.2,,,,,,7,,,EN,2024-04-01T22:00:00.000Z
HEPATITIS_HCV_DEATHS_NUM,Deaths caused by chronic hepatitis C (HCV) infection (number),numeric,AMR,Americas,Country,PAN,Panama,Year,2022,true,,,,,,,,,,,,,71.2,,,,,,71,,,EN,2024-04-01T22:00:00.000Z
HEPATITIS_HCV_DEATHS_NUM,Deaths caused by chronic hepatitis C (HCV) infection (number),numeric,WPR,Western Pacific,Country,MYS,Malaysia,Year,2022,true,,,,,,,,,,,,,713.5,,,,,,713,,,EN,2024-04-01T22:00:00.000Z
HEPATITIS_HCV_DEATHS_NUM,Deaths caused by chronic hepatitis C (HCV) infection (number),numeric,AFR,Africa,Country,MLI,Mali,Year,2022,true,,,,,,,,,,,,,715.3,,,,,,715,,,EN,2024-04-01T22:00:00.000Z
HEPATITIS_HCV_DEATHS_NUM,Deaths caused by chronic hepatitis C (HCV) infection (number),numeric,AFR,Africa,Country,UGA,Uganda,Year,2022,true,,,,,,,,,,,,,722.8,,,,,,723,,,EN,2024-04-01T22:00:00.000Z
HEPATITIS_HCV_DEATHS_NUM,Deaths caused by chronic hepatitis C (HCV) infection (number),numeric,EMR,Eastern Mediterranean,Country,EGY,Egypt,Year,2022,true,,,,,,,,,,,,,7288,,,,,,7288,,,EN,2024-04-01T22:00:00.000Z
HEPATITIS_HCV_DEATHS_NUM,Deaths caused by chronic hepatitis C (HCV) infection (number),numeric,EUR,Europe,Country,MKD,North Macedonia,Year,2022,true,,,,,,,,,,,,,75.3,,,,,,75,,,EN,2024-04-01T22:00:00.000Z
HEPATITIS_HCV_DEATHS_NUM,Deaths caused by chronic hepatitis C (HCV) infection (number),numeric,WPR,Western Pacific,Country,MNG,Mongolia,Year,2022,true,,,,,,,,,,,,,762.9,,,,,,763,,,EN,2024-04-01T22:00:00.000Z
HEPATITIS_HCV_DEATHS_NUM,Deaths caused by chronic hepatitis C (HCV) infection (number),numeric,EMR,Eastern Mediterranean,Country,KWT,Kuwait,Year,2022,true,,,,,,,,,,,,,77.95,,,,,,78,,,EN,2024-04-01T22:00:00.000Z
HEPATITIS_HCV_DEATHS_NUM,Deaths caused by chronic hepatitis C (HCV) infection (number),numeric,EMR,Eastern Mediterranean,Country,AFG,Afghanistan,Year,2022,true,,,,,,,,,,,,,783.7,,,,,,784,,,EN,2024-04-01T22:00:00.000Z
HEPATITIS_HCV_DEATHS_NUM,Deaths caused by chronic hepatitis C (HCV) infection (number),numeric,AFR,Africa,Country,MDG,Madagascar,Year,2022,true,,,,,,,,,,,,,798.7,,,,,,799,,,EN,2024-04-01T22:00:00.000Z
HEPATITIS_HCV_DEATHS_NUM,Deaths caused by chronic hepatitis C (HCV) infection (number),numeric,AFR,Africa,Country,LSO,Lesotho,Year,2022,true,,,,,,,,,,,,,82.29,,,,,,82,,,EN,2024-04-01T22:00:00.000Z
HEPATITIS_HCV_DEATHS_NUM,Deaths caused by chronic hepatitis C (HCV) infection (number),numeric,AFR,Africa,Country,TCD,Chad,Year,2022,true,,,,,,,,,,,,,829.8,,,,,,830,,,EN,2024-04-01T22:00:00.000Z
HEPATITIS_HCV_DEATHS_NUM,Deaths caused by chronic hepatitis C (HCV) infection (number),numeric,AFR,Africa,Country,NER,Niger,Year,2022,true,,,,,,,,,,,,,829.7,,,,,,830,,,EN,2024-04-01T22:00:00.000Z
HEPATITIS_HCV_DEATHS_NUM,Deaths caused by chronic hepatitis C (HCV) infection (number),numeric,EMR,Eastern Mediterranean,Country,QAT,Qatar,Year,2022,true,,,,,,,,,,,,,84.49,,,,,,84,,,EN,2024-04-01T22:00:00.000Z
HEPATITIS_HCV_DEATHS_NUM,Deaths caused by chronic hepatitis C (HCV) infection (number),numeric,EUR,Europe,Country,TJK,Tajikistan,Year,2022,true,,,,,,,,,,,,,848.2,,,,,,848,,,EN,2024-04-01T22:00:00.000Z
HEPATITIS_HCV_DEATHS_NUM,Deaths caused by chronic hepatitis C (HCV) infection (number),numeric,AFR,Africa,Country,GMB,Gambia,Year,2022,true,,,,,,,,,,,,,85.38,,,,,,85,,,EN,2024-04-01T22:00:00.000Z
HEPATITIS_HCV_DEATHS_NUM,Deaths caused by chronic hepatitis C (HCV) infection (number),numeric,AMR,Americas,Country,CUB,Cuba,Year,2022,true,,,,,,,,,,,,,86,,,,,,86,,,EN,2024-04-01T22:00:00.000Z
HEPATITIS_HCV_DEATHS_NUM,Deaths caused by chronic hepatitis C (HCV) infection (number),numeric,EMR,Eastern Mediterranean,Country,SDN,Sudan,Year,2022,true,,,,,,,,,,,,,875.4,,,,,,875,,,EN,2024-04-01T22:00:00.000Z
HEPATITIS_HCV_DEATHS_NUM,Deaths caused by chronic hepatitis C (HCV) infection (number),numeric,AFR,Africa,Country,CIV,Cote d'Ivoire,Year,2022,true,,,,,,,,,,,,,891.5,,,,,,892,,,EN,2024-04-01T22:00:00.000Z
HEPATITIS_HCV_DEATHS_NUM,Deaths caused by chronic hepatitis C (HCV) infection (number),numeric,SEAR,South-East Asia,Country,BTN,Bhutan,Year,2022,true,,,,,,,,,,,,,9,,,,,,9,,,EN,2024-04-01T22:00:00.000Z
HEPATITIS_HCV_DEATHS_NUM,Deaths caused by chronic hepatitis C (HCV) infection (number),numeric,WPR,Western Pacific,Country,WSM,Samoa,Year,2022,true,,,,,,,,,,,,,9.35,,,,,,9,,,EN,2024-04-01T22:00:00.000Z
HEPATITIS_HCV_DEATHS_NUM,Deaths caused by chronic hepatitis C (HCV) infection (number),numeric,AFR,Africa,Country,ERI,Eritrea,Year,2022,true,,,,,,,,,,,,,90.34,,,,,,90,,,EN,2024-04-01T22:00:00.000Z
HEPATITIS_HCV_DEATHS_NUM,Deaths caused by chronic hepatitis C (HCV) infection (number),numeric,AFR,Africa,Country,NAM,Namibia,Year,2022,true,,,,,,,,,,,,,92.13,,,,,,92,,,EN,2024-04-01T22:00:00.000Z
HEPATITIS_HCV_DEATHS_NUM,Deaths caused by chronic hepatitis C (HCV) infection (number),numeric,WPR,Western Pacific,Country,KOR,Republic of Korea,Year,2022,true,,,,,,,,,,,,,931.1,,,,,,931,,,EN,2024-04-01T22:00:00.000Z
HEPATITIS_HCV_DEATHS_NUM,Deaths caused by chronic hepatitis C (HCV) infection (number),numeric,AFR,Africa,Country,MOZ,Mozambique,Year,2022,true,,,,,,,,,,,,,937.5,,,,,,938,,,EN,2024-04-01T22:00:00.000Z
HEPATITIS_HCV_DEATHS_NUM,Deaths caused by chronic hepatitis C (HCV) infection (number),numeric,AFR,Africa,Country,BWA,Botswana,Year,2022,true,,,,,,,,,,,,,93.87,,,,,,94,,,EN,2024-04-01T22:00:00.000Z
HEPATITIS_HCV_DEATHS_NUM,Deaths caused by chronic hepatitis C (HCV) infection (number),numeric,AMR,Americas,Country,SLV,El Salvador,Year,2022,true,,,,,,,,,,,,,93.94,,,,,,94,,,EN,2024-04-01T22:00:00.000Z
HEPATITIS_HCV_DEATHS_NUM,Deaths caused by chronic hepatitis C (HCV) infection (number),numeric,AMR,Americas,Country,PRY,Paraguay,Year,2022,true,,,,,,,,,,,,,93.74,,,,,,94,,,EN,2024-04-01T22:00:00.000Z
