,country,year,status,life_expectancy,adult_mortality,infant_deaths,alcohol,percentage_expenditure,hepatitis_b,measles,bmi,under_five_deaths,polio,total_expenditure,diphtheria,hiv_aids,gdp,population,thinness_1_to_19_years,thinness_5_to_9_years,income_composition_of_resources,schooling
898,Fiji,2015,Developing,69.9,188.0,0,,0.0,99.0,0,62.7,0,99.0,,99.0,0.1,4921.89629,892149.0,4.0,3.7,0.734,15.3
899,Fiji,2014,Developing,69.7,19.0,0,0.01,50.539484,99.0,0,61.9,0,99.0,4.49,99.0,0.1,546.3728,88586.0,4.0,3.7,0.727,15.2
900,Fiji,2013,Developing,69.6,192.0,0,0.01,460.6487805,99.0,0,61.1,0,99.0,4.26,99.0,0.1,4763.68956,879715.0,4.0,3.7,0.719,15.0
901,Fiji,2012,Developing,69.4,195.0,0,0.01,431.4854874,99.0,0,6.2,0,99.0,4.16,99.0,0.1,4546.73854,873596.0,4.0,3.7,0.714,14.9
902,Fiji,2011,Developing,69.2,197.0,0,0.01,401.7931045,99.0,0,59.5,0,99.0,4.6,99.0,0.1,4353.121392,86786.0,4.0,3.7,0.709,14.7
903,Fiji,2010,Developing,69.1,2.0,0,2.25,62.08343533,99.0,0,58.7,0,99.0,4.23,99.0,0.1,3651.966784,85995.0,4.0,3.7,0.706,14.6
904,Fiji,2009,Developing,68.9,23.0,0,2.31,60.65068446,99.0,1,58.0,0,99.0,4.26,99.0,0.1,3369.48247,851967.0,4.0,3.7,0.704,14.5
905,Fiji,2008,Developing,68.7,26.0,0,1.95,81.04656111,99.0,0,57.3,0,99.0,3.68,99.0,0.1,4177.657789,84334.0,4.0,3.7,0.7,14.3
906,Fiji,2007,Developing,68.6,29.0,0,2.09,5.889526221,99.0,0,56.6,0,99.0,3.74,99.0,0.1,478.82327,834812.0,4.1,3.8,0.698,14.2
907,Fiji,2006,Developing,68.5,211.0,0,2.06,52.1241634,99.0,136,55.9,0,98.0,3.84,98.0,0.1,3749.939813,827411.0,4.1,3.8,0.695,14.0
908,Fiji,2005,Developing,68.3,214.0,0,2.02,64.39203443,99.0,0,55.1,0,97.0,3.61,96.0,0.1,3658.63832,821817.0,4.1,3.8,0.699,13.9
909,Fiji,2004,Developing,68.1,218.0,0,1.63,43.99452464,99.0,37,54.2,0,96.0,3.61,95.0,0.1,3332.918533,818354.0,4.2,3.9,0.691,13.4
910,Fiji,2003,Developing,68.0,22.0,0,1.76,253.8196705,99.0,305,53.2,0,95.0,3.35,94.0,0.1,2835.973972,816628.0,4.2,3.9,0.689,13.3
911,Fiji,2002,Developing,67.9,22.0,0,1.85,206.071686,99.0,304,52.2,0,94.0,3.48,93.0,0.1,2259.55796,815691.0,4.2,3.9,0.687,13.3
912,Fiji,2001,Developing,67.8,221.0,0,1.93,20.7119129,98.0,17,51.2,0,92.0,3.28,91.0,0.1,238.891729,814218.0,4.3,4.0,0.683,13.2
913,Fiji,2000,Developing,67.7,221.0,0,2.05,31.25834616,98.0,0,5.2,0,91.0,3.87,9.0,0.1,276.1338,811223.0,4.3,4.0,0.681,13.1
1975,Papua New Guinea,2015,Developing,62.9,275.0,10,,0.0,67.0,38,48.6,12,74.0,,73.0,0.6,,7919825.0,1.3,1.3,0.515,10.0
1976,Papua New Guinea,2014,Developing,62.7,278.0,10,0.01,208.2311603,67.0,2299,47.9,13,64.0,4.26,73.0,0.7,2182.716565,7755785.0,1.3,1.3,0.511,10.0
1977,Papua New Guinea,2013,Developing,62.4,281.0,10,0.01,25.70881695,73.0,12,47.2,13,8.0,4.78,79.0,0.8,229.95364,7592865.0,1.3,1.3,0.506,10.0
1978,Papua New Guinea,2012,Developing,62.2,284.0,10,0.01,31.6357652,68.0,0,46.4,13,81.0,4.55,74.0,1.0,271.318741,743836.0,1.3,1.3,0.501,9.9
1979,Papua New Guinea,2011,Developing,62.0,285.0,10,0.88,23.40731286,66.0,0,45.7,13,69.0,4.94,72.0,1.0,177.867119,7269348.0,1.3,1.3,0.494,9.9
1980,Papua New Guinea,2010,Developing,61.8,286.0,10,0.79,18.99961966,56.0,0,44.9,14,72.0,4.18,67.0,1.1,1366.879112,718239.0,1.4,1.3,0.485,9.6
1981,Papua New Guinea,2009,Developing,61.6,288.0,11,0.82,20.53327531,66.0,0,44.2,14,79.0,4.36,73.0,1.1,1166.66337,6947447.0,1.4,1.3,0.477,9.2
1982,Papua New Guinea,2008,Developing,61.4,29.0,11,0.81,103.7277727,59.0,0,43.4,14,76.0,4.6,63.0,1.3,1178.72469,6787187.0,1.4,1.3,0.469,8.9
1983,Papua New Guinea,2007,Developing,61.1,295.0,11,0.71,85.7175381,61.0,0,42.7,14,72.0,4.4,71.0,1.4,956.668952,6627922.0,1.4,1.3,0.461,8.6
1984,Papua New Guinea,2006,Developing,68.0,299.0,11,0.64,126.6142137,71.0,1,41.9,14,67.0,5.92,72.0,1.5,854.346921,647272.0,1.4,1.4,0.454,8.2
1985,Papua New Guinea,2005,Developing,64.0,37.0,11,0.84,12.05551997,63.0,1222,41.1,15,61.0,6.42,72.0,1.5,77.5773486,631479.0,1.4,1.4,0.446,7.9
1986,Papua New Guinea,2004,Developing,59.9,314.0,11,0.58,158.001946,6.0,1385,4.4,15,59.0,8.39,62.0,1.5,637.3616215,6161517.0,1.5,1.4,0.439,7.6
1987,Papua New Guinea,2003,Developing,59.6,321.0,11,0.59,124.3789361,67.0,3863,39.6,14,62.0,6.79,68.0,1.4,588.3582595,61724.0,1.5,1.4,0.433,7.2
1988,Papua New Guinea,2002,Developing,59.3,327.0,11,0.61,110.9803062,6.0,17620,38.9,14,54.0,7.69,61.0,1.4,511.665773,5862316.0,1.5,1.5,0.428,6.9
1989,Papua New Guinea,2001,Developing,59.1,331.0,11,0.68,93.37278497,59.0,4023,38.2,14,52.0,6.68,55.0,1.3,539.41528,5716152.0,1.5,1.5,0.422,6.6
1990,Papua New Guinea,2000,Developing,58.9,335.0,11,0.73,62.56273841,57.0,7135,37.5,14,51.0,3.98,59.0,1.1,631.9468526,5572222.0,1.6,1.5,0.418,6.2
2361,Solomon Islands,2015,Developing,69.2,177.0,0,,0.0,98.0,0,5.5,0,99.0,,98.0,0.1,1922.41388,587482.0,1.1,1.2,0.514,9.6
2362,Solomon Islands,2014,Developing,68.8,183.0,0,0.01,3.718438799,88.0,0,49.7,0,94.0,5.5,88.0,0.1,29.652622,57554.0,1.1,1.2,0.512,9.6
2363,Solomon Islands,2013,Developing,68.8,182.0,0,0.01,24.73328608,94.0,0,48.9,0,99.0,5.42,94.0,0.1,188.5159,563513.0,1.1,1.2,0.509,9.5
2364,Solomon Islands,2012,Developing,68.7,184.0,0,0.01,247.9492284,99.0,0,48.1,0,99.0,5.48,99.0,0.1,1858.689868,551531.0,1.2,1.2,0.505,9.4
2365,Solomon Islands,2011,Developing,68.5,186.0,0,0.99,229.6687488,99.0,0,47.2,0,99.0,5.8,99.0,0.1,1642.837974,539614.0,1.2,1.2,0.497,9.4
2366,Solomon Islands,2010,Developing,68.3,188.0,0,1.1,29.5207994,9.0,0,46.4,0,94.0,7.47,9.0,0.1,1272.44825,52779.0,1.2,1.2,0.492,9.3
2367,Solomon Islands,2009,Developing,68.1,192.0,0,1.21,244.3976438,92.0,0,45.5,0,98.0,7.92,92.0,0.1,1158.282672,51679.0,1.2,1.2,0.494,9.3
2368,Solomon Islands,2008,Developing,68.0,193.0,0,1.09,19.74929219,89.0,0,44.7,0,94.0,5.97,89.0,0.1,125.79167,54477.0,1.2,1.2,0.489,9.2
2369,Solomon Islands,2007,Developing,67.6,2.0,0,0.85,28.90135229,9.0,0,43.8,0,93.0,6.42,9.0,0.1,146.931125,49294.0,1.2,1.2,0.482,9.0
2370,Solomon Islands,2006,Developing,67.6,2.0,0,0.99,240.4851202,99.0,0,43.0,0,99.0,6.66,99.0,0.1,948.6592511,481422.0,1.3,1.3,0.47,8.4
2371,Solomon Islands,2005,Developing,67.4,24.0,0,0.9,25.31155956,83.0,0,42.1,0,9.0,7.83,89.0,0.1,88.874858,469885.0,1.3,1.3,0.465,8.3
2372,Solomon Islands,2004,Developing,67.1,29.0,0,1.18,195.5259417,81.0,0,41.3,0,89.0,5.64,9.0,0.1,818.442619,458324.0,1.3,1.3,0.459,8.1
2373,Solomon Islands,2003,Developing,66.8,215.0,0,1.18,16.83170578,79.0,0,4.4,0,84.0,6.0,84.0,0.1,744.7657423,446769.0,1.3,1.3,0.453,8.0
2374,Solomon Islands,2002,Developing,66.5,22.0,0,1.08,156.2847968,75.0,0,39.6,0,78.0,6.9,78.0,0.1,784.9562874,435262.0,1.4,1.4,0.446,7.3
2375,Solomon Islands,2001,Developing,66.2,227.0,0,0.7,325.1114746,83.0,0,38.7,0,88.0,6.44,84.0,0.1,944.81684,423853.0,1.4,1.4,0.442,6.6
2376,Solomon Islands,2000,Developing,65.8,235.0,0,0.71,4.24926073,81.0,0,37.9,0,88.0,4.56,86.0,0.1,154.518572,41269.0,1.4,1.4,0.455,7.2
2842,Vanuatu,2015,Developing,72.0,13.0,0,,0.0,64.0,39,53.3,0,65.0,,64.0,0.1,285.83414,26463.0,1.5,1.4,0.598,10.8
2843,Vanuatu,2014,Developing,71.7,134.0,0,0.01,564.8167043,64.0,10,52.5,0,65.0,5.2,64.0,0.1,3148.36513,25885.0,1.5,1.4,0.596,10.8
2844,Vanuatu,2013,Developing,71.6,135.0,0,0.01,447.545645,64.0,0,51.7,0,65.0,3.92,64.0,0.1,3167.34356,253142.0,1.5,1.4,0.591,10.8
2845,Vanuatu,2012,Developing,71.4,138.0,0,0.01,427.9885222,64.0,0,5.8,0,65.0,3.7,64.0,0.1,3158.58688,247485.0,1.5,1.4,0.592,10.8
2846,Vanuatu,2011,Developing,71.2,141.0,0,0.85,457.9731742,63.0,0,49.9,0,65.0,3.85,65.0,0.1,3275.91684,241871.0,1.5,1.4,0.591,10.8
2847,Vanuatu,2010,Developing,71.0,145.0,0,0.91,471.8626525,62.0,0,49.1,0,66.0,4.71,65.0,0.1,2965.82434,236295.0,1.5,1.4,0.59,10.8
2848,Vanuatu,2009,Developing,78.0,149.0,0,0.83,361.0940984,62.0,0,48.2,0,66.0,3.9,66.0,0.1,2643.441423,23785.0,1.5,1.5,0.589,10.7
2849,Vanuatu,2008,Developing,75.0,153.0,0,1.18,345.339056,61.0,0,47.4,0,66.0,3.66,67.0,0.1,2697.961375,22534.0,1.5,1.5,0.582,10.7
2850,Vanuatu,2007,Developing,73.0,157.0,0,1.01,342.4908556,6.0,0,46.6,0,67.0,3.67,67.0,0.1,2393.367265,219953.0,1.6,1.5,0.579,10.7
2851,Vanuatu,2006,Developing,71.0,161.0,0,1.0,43.19780767,59.0,0,45.7,0,67.0,3.96,68.0,0.1,247.97823,214634.0,1.6,1.5,0.572,10.6
2852,Vanuatu,2005,Developing,69.9,165.0,0,0.88,337.2942846,61.0,3,44.9,0,67.0,3.87,68.0,0.1,1886.433359,2937.0,1.6,1.5,0.0,10.6
2853,Vanuatu,2004,Developing,69.6,169.0,0,0.85,334.1673373,63.0,0,44.1,0,67.0,4.12,69.0,0.1,1787.94723,24143.0,1.6,1.5,0.0,10.7
2854,Vanuatu,2003,Developing,69.4,173.0,0,1.2,27.29839073,64.0,165,43.3,0,67.0,4.2,69.0,0.1,158.52724,198964.0,1.6,1.6,0.0,10.4
2855,Vanuatu,2002,Developing,69.3,176.0,0,1.24,171.1373611,66.0,101,42.6,0,67.0,3.52,7.0,0.1,1353.934819,193956.0,1.7,1.6,0.0,10.2
2856,Vanuatu,2001,Developing,69.1,179.0,0,0.91,163.105292,68.0,7,41.9,0,67.0,3.37,7.0,0.1,1362.61731,18929.0,1.7,1.6,0.0,10.1
2857,Vanuatu,2000,Developing,69.0,18.0,0,1.21,21.90075232,7.0,9,41.1,0,67.0,3.28,71.0,0.1,1469.849149,18563.0,1.7,1.7,0.0,9.6
