,country,year,life_expectancy,adult_mortality,infant_deaths,under_five_deaths,bmi_male,bmi_female,health_expenditure_percentage,total_expenditure,population,gdp_per_capita,region,sub_region
0,Afghanistan,2015,62.66,305.9,41.6,31.0,22.6,24.11,10.11,2.01,33753499,566.88,Asian region,South Asia
1,Afghanistan,2014,62.54,301.3,42.8,32.2,22.51,23.98,9.53,1.86,32716210,626.51,Asian region,South Asia
2,Afghanistan,2013,62.42,297.8,44.0,33.5,22.43,23.85,8.81,1.78,31541209,638.73,Asian region,South Asia
3,Afghanistan,2012,61.92,304.5,45.4,38.3,22.34,23.72,7.9,1.37,30466479,653.42,Asian region,South Asia
4,Afghanistan,2011,61.42,307.6,46.6,40.5,22.26,23.59,8.56,2.19,29249157,608.74,Asian region,South Asia
5,Afghanistan,2010,60.85,314.1,48.1,42.1,22.18,23.47,8.57,2.26,28189672,562.5,Asian region,South Asia
6,Afghanistan,2009,60.36,319.6,49.3,44.9,22.1,23.34,9.82,2.51,27385307,453.39,Asian region,South Asia
7,Afghanistan,2008,59.85,328.8,50.7,44.7,22.02,23.21,10.26,3.0,26427199,382.53,Asian region,South Asia
8,Afghanistan,2007,59.11,338.6,52.2,46.8,21.95,23.08,9.9,2.61,25903301,376.32,Asian region,South Asia
9,Afghanistan,2006,58.68,342.2,53.5,53.0,21.87,22.96,10.62,2.72,25442944,274.02,Asian region,South Asia
10,Afghanistan,2005,58.36,343.2,54.8,50.6,21.79,22.83,9.95,3.37,24411191,254.12,Asian region,South Asia
11,Afghanistan,2004,57.94,345.7,56.1,50.8,21.71,22.7,9.81,3.6,23553551,221.83,Asian region,South Asia
12,Afghanistan,2003,57.34,353.4,57.4,52.4,21.63,22.57,8.94,5.46,22645130,199.64,Asian region,South Asia
13,Afghanistan,2002,56.45,367.5,58.6,60.3,21.54,22.44,9.44,1.21,21000256,182.17,Asian region,South Asia
14,Afghanistan,2001,55.8,380.3,59.7,68.7,21.46,22.3,10.11,2.01,19688632,142.9,Asian region,South Asia
15,Afghanistan,2000,55.3,378.2,60.8,66.4,21.37,22.17,10.11,2.01,19542982,180.19,Asian region,South Asia
16,Bangladesh,2015,70.49,125.6,20.8,15.4,21.34,21.92,2.27,3.38,157830000,1236.44,Asian region,South Asia
17,Bangladesh,2014,69.99,128.3,21.9,17.0,21.28,21.78,2.28,3.59,155961299,1108.52,Asian region,South Asia
18,Bangladesh,2013,69.56,132.8,23.1,18.2,21.22,21.64,2.3,3.62,154030139,973.83,Asian region,South Asia
19,Bangladesh,2012,69.55,137.2,24.5,19.6,21.16,21.5,2.35,4.02,152090649,876.52,Asian region,South Asia
20,Bangladesh,2011,68.81,140.8,25.9,21.3,21.1,21.35,2.36,4.18,150211005,856.18,Asian region,South Asia
21,Bangladesh,2010,68.64,145.9,27.3,22.4,21.05,21.21,2.29,4.44,148391139,776.84,Asian region,South Asia
22,Bangladesh,2009,67.4,149.0,29.1,23.9,21.0,21.07,2.18,4.12,146706810,698.5,Asian region,South Asia
23,Bangladesh,2008,67.05,153.3,30.5,25.7,20.95,20.93,2.12,3.84,145421318,630.15,Asian region,South Asia
24,Bangladesh,2007,66.71,156.8,32.0,26.9,20.9,20.79,2.17,5.08,144135934,552.34,Asian region,South Asia
25,Bangladesh,2006,67.24,157.8,33.4,32.7,20.86,20.65,2.11,4.73,142628831,503.37,Asian region,South Asia
26,Bangladesh,2005,67.3,159.4,35.0,35.9,20.81,20.51,2.06,4.39,140912590,493.04,Asian region,South Asia
27,Bangladesh,2004,67.19,160.5,36.4,37.9,20.76,20.38,2.0,4.87,138789725,469.12,Asian region,South Asia
28,Bangladesh,2003,66.82,164.4,37.8,37.3,20.71,20.24,1.96,4.76,136503206,440.71,Asian region,South Asia
29,Bangladesh,2002,66.61,166.9,39.3,39.1,20.65,20.1,1.93,4.54,134139826,407.96,Asian region,South Asia
30,Bangladesh,2001,66.14,170.2,40.7,41.7,20.6,19.96,1.77,3.58,131670484,410.05,Asian region,South Asia
31,Bangladesh,2000,65.78,174.8,42.5,44.0,20.54,19.82,1.81,5.21,129193327,413.1,Asian region,South Asia
32,Burkina Faso,2015,58.84,248.4,26.6,57.9,22.2,22.09,5.13,7.15,18718019,632.13,African region,West Africa
33,Burkina Faso,2014,58.36,252.8,27.2,62.7,22.14,22.03,5.0,7.77,18169842,767.37,African region,West Africa
34,Burkina Faso,2013,57.82,257.4,28.1,67.2,22.08,21.97,5.56,6.38,17636408,762.3,African region,West Africa
35,Burkina Faso,2012,57.62,260.2,28.7,86.6,22.02,21.9,4.6,4.7,17113732,733.97,African region,West Africa
36,Burkina Faso,2011,57.12,262.8,29.6,76.5,21.97,21.84,4.65,6.59,16602651,727.61,African region,West Africa
37,Burkina Faso,2010,56.48,266.8,30.5,83.4,21.9,21.77,5.24,6.03,16116845,627.27,African region,West Africa
38,Burkina Faso,2009,55.96,271.0,31.7,112.6,21.84,21.7,5.08,7.63,15650022,603.88,African region,West Africa
39,Burkina Faso,2008,55.34,276.5,32.6,90.3,21.76,21.62,4.65,7.32,15197915,621.89,African region,West Africa
40,Burkina Faso,2007,54.38,283.4,33.7,96.6,21.68,21.54,5.23,6.27,14757074,516.75,African region,West Africa
41,Burkina Faso,2006,53.74,291.1,35.0,101.9,21.6,21.45,4.51,6.54,14316242,457.34,African region,West Africa
42,Burkina Faso,2005,53.09,301.5,36.1,106.4,21.5,21.36,3.95,6.05,13876127,442.94,African region,West Africa
43,Burkina Faso,2004,52.42,313.5,37.3,112.3,21.41,21.27,4.22,8.39,13445977,405.45,African region,West Africa
44,Burkina Faso,2003,51.79,324.0,38.5,122.6,21.32,21.17,3.14,5.57,13030591,363.82,African region,West Africa
45,Burkina Faso,2002,51.27,333.4,39.4,130.8,21.22,21.07,2.97,5.43,12632269,286.75,African region,West Africa
46,Burkina Faso,2001,51.07,340.2,40.0,131.2,21.13,20.97,2.89,4.94,12249764,260.44,African region,West Africa
47,Burkina Faso,2000,50.85,345.8,40.9,145.0,21.03,20.87,2.95,4.85,11882888,249.8,African region,West Africa
48,Burundi,2015,60.22,256.8,23.4,41.1,21.81,21.52,6.29,10.44,10727148,289.36,African region,East Africa
49,Burundi,2014,59.87,260.3,23.9,43.9,21.75,21.44,7.21,9.79,10494913,257.82,African region,East Africa
50,Burundi,2013,59.24,267.0,24.8,46.8,21.7,21.36,8.63,4.43,10149577,241.55,African region,East Africa
51,Burundi,2012,58.49,274.8,25.7,50.5,21.65,21.28,8.64,7.11,9795479,238.21,African region,East Africa
52,Burundi,2011,57.77,285.2,26.8,53.9,21.6,21.2,10.07,8.23,9455733,236.45,African region,East Africa
53,Burundi,2010,57.08,296.2,27.7,57.9,21.55,21.13,11.28,4.86,9126605,222.66,African region,East Africa
54,Burundi,2009,56.39,308.2,29.0,62.0,21.5,21.05,9.23,5.48,8709366,204.54,African region,East Africa
55,Burundi,2008,55.71,320.3,29.9,67.0,21.45,20.97,7.74,3.79,8278109,194.71,African region,East Africa
56,Burundi,2007,54.73,341.1,31.0,72.1,21.39,20.89,9.19,6.32,7944609,170.71,African region,East Africa
57,Burundi,2006,53.87,364.5,32.2,78.5,21.34,20.81,8.71,6.48,7658190,166.28,African region,East Africa
58,Burundi,2005,53.02,436.7,33.2,84.6,21.28,20.73,7.56,6.22,7388874,151.19,African region,East Africa
59,Burundi,2004,52.01,461.5,34.1,90.7,21.21,20.65,7.1,5.8,7120496,128.54,African region,East Africa
60,Burundi,2003,50.86,486.2,34.9,96.8,21.15,20.57,5.27,3.72,6860846,114.37,African region,East Africa
61,Burundi,2002,49.89,503.8,35.7,103.4,21.08,20.48,5.35,6.38,6648938,124.14,African region,East Africa
62,Burundi,2001,48.43,523.8,36.5,117.0,21.02,20.4,5.68,6.66,6465729,135.61,African region,East Africa
63,Burundi,2000,47.51,545.0,37.2,121.9,20.95,20.31,4.22,5.94,6307659,138.0,African region,East Africa
64,Cambodia,2015,69.87,192.8,16.4,15.5,22.05,22.27,6.19,6.63,23012646,1170.74,Asian region,Southeast Asia
65,Cambodia,2014,69.74,195.3,17.4,16.1,21.95,22.15,6.7,5.71,22299585,1098.07,Asian region,Southeast Asia
66,Cambodia,2013,69.3,198.3,18.1,17.2,21.85,22.03,7.1,6.64,21632850,1015.22,Asian region,Southeast Asia
67,Cambodia,2012,68.92,201.9,19.3,18.5,21.75,21.91,7.26,6.49,21032684,950.48,Asian region,Southeast Asia
68,Cambodia,2011,68.42,206.9,20.5,20.8,21.66,21.79,7.5,6.21,20448873,880.31,Asian region,Southeast Asia
69,Cambodia,2010,67.71,212.7,21.4,22.8,21.56,21.67,6.91,6.52,19878036,782.7,Asian region,Southeast Asia
70,Cambodia,2009,67.44,216.5,22.5,26.4,21.47,21.57,7.58,5.97,19319274,734.82,Asian region,Southeast Asia
71,Cambodia,2008,66.47,221.9,23.5,28.5,21.39,21.46,6.6,6.66,18777081,742.4,Asian region,Southeast Asia
72,Cambodia,2007,65.73,229.9,24.5,30.2,21.3,21.36,4.91,6.75,18251866,629.92,Asian region,Southeast Asia
73,Cambodia,2006,65.06,238.4,25.8,33.4,21.22,21.26,6.12,7.41,17751333,539.75,Asian region,Southeast Asia
74,Cambodia,2005,64.29,248.2,27.1,36.7,21.13,21.16,6.85,9.9,17275171,475.07,Asian region,Southeast Asia
75,Cambodia,2004,63.55,256.7,28.3,41.3,21.05,21.07,7.08,9.9,16809407,410.09,Asian region,Southeast Asia
76,Cambodia,2003,62.52,263.1,29.7,47.1,20.97,20.98,6.94,9.43,16354326,364.28,Asian region,Southeast Asia
77,Cambodia,2002,61.23,268.9,31.7,54.7,20.89,20.88,7.23,8.3,15914033,341.04,Asian region,Southeast Asia
78,Cambodia,2001,59.97,272.9,33.6,64.8,20.82,20.79,7.01,7.83,15493253,322.9,Asian region,Southeast Asia
79,Cambodia,2000,58.62,276.7,35.2,74.0,20.74,20.7,6.54,8.59,15091594,301.52,Asian region,Southeast Asia
80,Central African Republic,2015,52.79,480.9,43.0,86.2,22.02,23.67,5.03,3.26,14140274,351.88,African region,Central Africa
81,Central African Republic,2014,50.57,516.6,43.8,88.9,21.97,23.56,4.57,3.95,13697126,394.86,African region,Central Africa
82,Central African Republic,2013,50.9,515.0,44.7,96.2,21.91,23.45,4.77,7.34,13216766,352.23,African region,Central Africa
83,Central African Republic,2012,50.69,504.1,45.3,94.6,21.86,23.34,3.92,4.29,12754906,525.87,African region,Central Africa
84,Central African Republic,2011,49.95,509.2,46.0,101.5,21.8,23.23,3.68,2.93,12317730,515.21,African region,Central Africa
85,Central African Republic,2010,49.26,511.2,46.9,99.5,21.75,23.11,3.57,3.34,11894727,459.78,African region,Central Africa
86,Central African Republic,2009,48.65,516.2,47.4,101.8,21.7,23.0,4.82,4.58,11496128,452.92,African region,Central Africa
87,Central African Republic,2008,48.02,530.3,47.7,105.5,21.64,22.89,4.09,5.28,11098664,446.23,African region,Central Africa
88,Central African Republic,2007,47.43,552.6,48.2,106.7,21.58,22.78,4.72,9.87,10722731,388.48,African region,Central Africa
89,Central African Republic,2006,46.85,569.4,48.4,108.2,21.52,22.66,4.44,9.18,10365614,340.41,African region,Central Africa
90,Central African Republic,2005,46.43,581.8,48.5,115.6,21.46,22.54,4.37,6.41,10005012,317.88,African region,Central Africa
91,Central African Republic,2004,46.04,592.5,48.8,121.8,21.4,22.43,4.3,11.29,9613503,309.19,African region,Central Africa
92,Central African Republic,2003,45.76,599.8,48.9,119.0,21.33,22.31,4.4,12.56,9196366,283.68,African region,Central Africa
93,Central African Republic,2002,45.41,606.6,48.9,122.1,21.27,22.19,4.23,8.62,8838369,253.41,African region,Central Africa
94,Central African Republic,2001,45.39,610.9,49.1,123.4,21.21,22.07,3.96,10.72,8538804,242.58,African region,Central Africa
95,Central African Republic,2000,45.41,614.4,49.2,124.9,21.14,21.95,4.27,10.02,8259137,243.88,African region,Central Africa
96,Chad,2015,51.59,267.6,36.0,89.6,22.02,21.92,4.52,5.25,17870124,774.41,African region,Central Africa
97,Chad,2014,51.2,271.7,36.4,93.4,21.98,21.87,4.27,5.55,17687108,1017.79,African region,Central Africa
98,Chad,2013,50.78,275.5,36.9,95.5,21.95,21.81,4.07,5.04,17509925,980.08,African region,Central Africa
99,Chad,2012,50.54,278.6,37.6,99.5,21.92,21.76,3.86,3.96,17341771,969.62,African region,Central Africa
100,Chad,2011,50.01,281.5,37.8,103.2,21.88,21.7,3.91,3.69,17173573,988.19,African region,Central Africa
101,Chad,2010,49.58,285.0,38.4,104.9,21.84,21.64,4.06,3.5,17004162,896.88,African region,Central Africa
102,Chad,2009,49.2,291.5,38.6,107.8,21.8,21.58,4.44,3.84,16833447,808.16,African region,Central Africa
103,Chad,2008,49.02,304.6,38.8,111.6,21.75,21.51,4.06,4.23,16661462,936.49,African region,Central Africa
104,Chad,2007,48.75,311.1,39.2,113.6,21.69,21.44,4.34,5.99,16495538,806.71,African region,Central Africa
105,Chad,2006,48.29,326.9,39.9,117.4,21.63,21.36,4.87,7.14,16334575,716.67,African region,Central Africa
106,Chad,2005,48.31,327.3,40.2,122.7,21.56,21.28,4.84,12.42,16175311,664.6,African region,Central Africa
107,Chad,2004,48.23,332.7,41.0,131.7,21.49,21.19,5.5,15.03,16017966,460.07,African region,Central Africa
108,Chad,2003,48.21,335.0,41.8,128.0,21.42,21.1,5.51,8.98,15859112,298.25,African region,Central Africa
109,Chad,2002,47.95,335.8,42.5,131.7,21.34,21.0,7.27,11.72,15693790,225.95,African region,Central Africa
110,Chad,2001,47.85,334.4,43.6,132.9,21.26,20.91,5.29,11.87,15523978,200.36,African region,Central Africa
111,Chad,2000,47.44,338.1,44.6,125.9,21.18,20.81,5.46,11.4,15351799,168.12,African region,Central Africa
112,Congo,2015,58.49,310.9,20.3,35.6,22.34,24.14,3.75,3.84,4895242,482.06,African region,Central Africa
113,Congo,2014,58.3,318.3,20.8,31.0,22.29,24.06,3.73,2.98,4844288,472.27,African region,Central Africa
114,Congo,2013,57.76,319.3,21.2,32.8,22.24,23.99,3.34,3.91,4791535,444.86,African region,Central Africa
115,Congo,2012,57.25,320.6,21.6,34.3,22.19,23.91,3.22,3.88,4736593,412.78,African region,Central Africa
116,Congo,2011,57.07,318.5,22.3,36.0,22.14,23.82,3.19,2.53,4679926,376.37,African region,Central Africa
117,Congo,2010,56.42,327.0,22.6,37.4,22.09,23.74,3.72,2.5,4622252,324.83,African region,Central Africa
118,Congo,2009,55.84,334.5,23.2,39.7,22.04,23.66,4.51,2.5,4563127,290.16,African region,Central Africa
119,Congo,2008,55.34,350.6,24.1,42.2,21.98,23.57,4.31,2.5,4501921,317.89,African region,Central Africa
120,Congo,2007,54.92,367.9,25.1,46.9,21.93,23.48,3.89,2.5,4440019,277.61,African region,Central Africa
121,Congo,2006,54.53,377.1,26.1,51.1,21.87,23.39,4.06,2.5,4378172,247.54,African region,Central Africa
122,Congo,2005,53.93,393.5,27.2,55.6,21.81,23.29,3.99,2.5,4315887,211.57,African region,Central Africa
123,Congo,2004,53.43,411.2,28.4,65.7,21.75,23.19,4.34,2.5,4252800,187.86,African region,Central Africa
124,Congo,2003,52.83,424.5,29.4,71.6,21.69,23.09,3.73,2.5,4188610,167.98,African region,Central Africa
125,Congo,2002,52.33,432.1,30.2,81.9,21.62,22.98,2.57,2.5,4122623,168.94,African region,Central Africa
126,Congo,2001,52.12,444.5,30.9,82.0,21.56,22.87,2.62,2.5,4053222,148.45,African region,Central Africa
127,Congo,2000,51.78,461.5,31.5,80.9,21.5,22.76,1.47,2.5,3979193,392.63,African region,Central Africa
128,Ethiopia,2015,63.65,186.6,30.6,36.3,20.09,21.05,3.82,5.57,102471895,630.31,African region,East Africa
129,Ethiopia,2014,62.9,191.3,31.9,39.1,20.08,20.98,4.03,4.09,99746766,557.53,African region,East Africa
130,Ethiopia,2013,62.37,197.2,33.0,36.1,20.06,20.91,4.08,6.19,97084366,490.79,African region,East Africa
131,Ethiopia,2012,61.54,205.2,34.1,37.8,20.04,20.84,4.54,6.41,94451280,458.55,African region,East Africa
132,Ethiopia,2011,60.72,214.7,35.6,40.2,20.03,20.77,4.47,2.09,91817929,348.0,African region,East Africa
133,Ethiopia,2010,59.73,226.6,36.9,45.4,20.01,20.7,5.47,5.11,89237791,335.44,African region,East Africa
134,Ethiopia,2009,58.8,240.3,38.2,53.2,20.0,20.63,4.65,5.3,86755585,373.89,African region,East Africa
135,Ethiopia,2008,57.59,255.9,39.6,54.3,19.98,20.56,4.28,2.74,84357105,320.86,African region,East Africa
136,Ethiopia,2007,56.43,274.8,40.9,54.2,19.97,20.49,5.0,6.5,81996185,240.35,African region,East Africa
137,Ethiopia,2006,55.15,296.9,42.0,62.3,19.95,20.42,4.46,5.08,79691050,191.75,African region,East Africa
138,Ethiopia,2005,54.01,317.0,43.3,65.2,19.92,20.35,4.1,7.55,77469940,160.08,African region,East Africa
139,Ethiopia,2004,53.24,334.0,44.4,70.8,19.89,20.28,4.31,5.73,75301026,134.54,African region,East Africa
140,Ethiopia,2003,52.53,348.3,45.5,76.9,19.86,20.21,4.9,8.42,73168838,117.86,African region,East Africa
141,Ethiopia,2002,51.52,361.0,46.7,84.1,19.83,20.13,4.71,8.37,71073215,110.46,African region,East Africa
142,Ethiopia,2001,51.04,374.1,47.6,83.0,19.79,20.06,4.72,8.98,69018932,119.26,African region,East Africa
143,Ethiopia,2000,50.54,409.2,48.7,90.1,19.75,19.98,4.37,7.03,67031867,122.96,African region,East Africa
144,Gambia,2015,62.49,255.6,28.7,37.2,23.45,24.57,3.18,5.1,2253133,611.67,African region,West Africa
145,Gambia,2014,62.27,255.3,29.4,38.3,23.33,24.48,3.05,5.75,2189019,561.65,African region,West Africa
146,Gambia,2013,62.11,253.5,30.0,40.1,23.22,24.39,3.91,6.31,2124869,647.39,African region,West Africa
147,Gambia,2012,62.1,253.3,30.7,41.6,23.1,24.29,4.27,6.31,2061014,686.56,African region,West Africa
148,Gambia,2011,61.53,257.0,31.5,43.7,22.99,24.2,4.37,6.31,1998212,705.48,African region,West Africa
149,Gambia,2010,60.72,264.0,32.3,45.5,22.86,24.09,4.12,6.31,1937275,796.63,African region,West Africa
150,Gambia,2009,60.43,270.5,33.1,47.3,22.73,23.99,4.46,6.31,1878119,772.12,African region,West Africa
151,Gambia,2008,60.08,272.9,33.7,49.2,22.59,23.87,4.66,6.31,1820542,857.86,African region,West Africa
152,Gambia,2007,59.39,275.0,34.7,51.5,22.45,23.75,4.96,6.31,1764883,725.09,African region,West Africa
153,Gambia,2006,59.06,273.0,35.3,53.8,22.3,23.62,5.44,6.31,1711294,615.97,African region,West Africa
154,Gambia,2005,58.39,273.9,36.3,56.1,22.15,23.48,5.39,6.31,1660368,618.96,African region,West Africa
155,Gambia,2004,58.09,275.0,37.1,58.8,21.99,23.34,5.42,6.31,1612225,596.63,African region,West Africa
156,Gambia,2003,57.59,273.2,38.0,63.0,21.83,23.19,5.33,6.31,1566257,310.96,African region,West Africa
157,Gambia,2002,57.08,270.3,39.0,65.5,21.67,23.03,6.28,6.31,1522223,379.86,African region,West Africa
158,Gambia,2001,57.04,266.0,39.8,69.6,21.52,22.87,5.64,6.31,1479449,464.64,African region,West Africa
159,Gambia,2000,56.94,262.5,40.8,74.7,21.37,22.7,6.65,6.31,1437539,544.62,African region,West Africa
160,Ghana,2015,63.18,254.6,25.9,27.9,22.59,25.28,4.54,8.56,28870939,1711.27,African region,West Africa
161,Ghana,2014,63.04,258.1,26.8,29.6,22.59,25.17,4.02,6.72,28196358,1942.92,African region,West Africa
162,Ghana,2013,62.42,261.7,27.7,32.5,22.59,25.06,4.59,8.62,27525597,2282.41,African region,West Africa
163,Ghana,2012,62.08,266.1,28.9,34.7,22.59,24.95,4.01,8.97,26858762,1536.62,African region,West Africa
164,Ghana,2011,61.65,273.9,30.0,36.8,22.59,24.84,4.69,12.07,26205941,1501.06,African region,West Africa
165,Ghana,2010,61.16,282.7,30.9,39.6,22.58,24.72,4.22,11.92,25574719,1258.96,African region,West Africa
166,Ghana,2009,60.95,288.2,31.6,41.8,22.56,24.6,4.38,12.36,24950762,1044.0,African region,West Africa
167,Ghana,2008,60.49,293.9,32.4,44.1,22.54,24.47,3.88,9.9,24326087,1178.96,African region,West Africa
168,Ghana,2007,60.22,299.4,32.9,45.6,22.5,24.34,3.8,9.13,23708320,1047.2,African region,West Africa
169,Ghana,2006,59.99,303.0,33.1,47.9,22.46,24.21,3.67,9.56,23098586,904.17,African region,West Africa
170,Ghana,2005,59.76,305.3,33.3,48.9,22.41,24.07,3.63,10.6,22496951,477.6,African region,West Africa
171,Ghana,2004,59.19,307.3,33.7,50.0,22.35,23.92,2.76,4.91,21906444,405.42,African region,West Africa
172,Ghana,2003,59.11,308.1,34.0,51.1,22.29,23.77,2.83,6.33,21329514,357.85,African region,West Africa
173,Ghana,2002,58.61,307.0,34.7,58.3,22.22,23.61,2.89,6.1,20758326,297.05,African region,West Africa
174,Ghana,2001,58.11,303.6,35.5,60.9,22.15,23.45,3.17,7.19,20195577,263.17,African region,West Africa
175,Ghana,2000,58.2,297.7,36.2,66.3,22.07,23.28,2.79,6.01,19665502,253.38,African region,West Africa
176,Guinea,2015,58.13,271.2,24.9,65.5,22.43,23.41,5.81,1.98,11625998,756.43,African region,West Africa
177,Guinea,2014,57.89,283.2,25.7,68.5,22.39,23.34,4.79,3.03,11333365,774.57,African region,West Africa
178,Guinea,2013,57.79,263.0,26.5,68.3,22.36,23.26,3.46,2.62,11055430,757.69,African region,West Africa
179,Guinea,2012,57.41,264.8,27.5,72.1,22.32,23.19,3.5,2.57,10788692,707.97,African region,West Africa
180,Guinea,2011,57.02,268.0,28.6,73.4,22.28,23.11,3.79,3.18,10527712,644.5,African region,West Africa
181,Guinea,2010,56.72,271.6,29.8,74.4,22.24,23.03,3.43,1.77,10270728,667.28,African region,West Africa
182,Guinea,2009,56.35,277.5,31.4,78.5,22.2,22.95,3.58,1.6,10021323,670.26,African region,West Africa
183,Guinea,2008,56.04,281.5,33.0,79.5,22.14,22.86,3.27,2.67,9779785,712.1,African region,West Africa
184,Guinea,2007,55.55,285.5,34.9,80.4,22.08,22.77,3.47,2.77,9547082,657.99,African region,West Africa
185,Guinea,2006,55.11,287.4,36.4,84.3,22.02,22.68,3.62,1.88,9330625,452.28,African region,West Africa
186,Guinea,2005,54.63,291.0,38.1,86.5,21.95,22.58,4.05,2.37,9140114,468.54,African region,West Africa
187,Guinea,2004,54.12,293.6,39.6,88.2,21.87,22.48,4.78,1.86,8961039,591.53,African region,West Africa
188,Guinea,2003,53.68,293.7,40.8,101.6,21.8,22.37,4.78,2.86,8772254,572.85,African region,West Africa
189,Guinea,2002,53.28,294.1,42.4,107.8,21.72,22.26,5.36,4.4,8577790,501.48,African region,West Africa
190,Guinea,2001,52.66,294.8,44.3,127.7,21.64,22.15,4.89,2.47,8445717,488.48,African region,West Africa
191,Guinea,2000,52.48,294.2,46.5,127.1,21.56,22.03,4.75,2.38,8336967,523.87,African region,West Africa
192,Guinea-Bissau,2015,59.13,343.8,39.1,54.4,22.81,24.08,8.13,2.5,1788919,644.18,African region,West Africa
193,Guinea-Bissau,2014,58.61,346.9,40.0,51.5,22.77,24.0,9.97,2.6,1743309,651.2,African region,West Africa
194,Guinea-Bissau,2013,58.23,345.7,41.1,53.6,22.72,23.92,7.04,4.44,1697753,653.62,African region,West Africa
195,Guinea-Bissau,2012,57.69,348.4,42.5,57.0,22.68,23.84,5.94,3.89,1652717,634.96,African region,West Africa
196,Guinea-Bissau,2011,56.97,352.1,43.8,60.0,22.63,23.76,6.22,2.52,1609017,719.12,African region,West Africa
197,Guinea-Bissau,2010,56.23,357.9,45.0,64.0,22.58,23.67,5.27,2.52,1567220,599.86,African region,West Africa
198,Guinea-Bissau,2009,55.54,363.7,46.3,67.9,22.52,23.58,4.73,2.52,1527196,582.88,African region,West Africa
199,Guinea-Bissau,2008,54.65,367.0,47.6,71.8,22.46,23.48,5.46,2.52,1488431,640.05,African region,West Africa
200,Guinea-Bissau,2007,54.16,376.7,49.0,75.5,22.39,23.38,5.04,2.52,1450572,519.22,African region,West Africa
201,Guinea-Bissau,2006,53.37,385.1,49.9,82.1,22.31,23.27,5.08,2.52,1414091,448.9,African region,West Africa
202,Guinea-Bissau,2005,52.25,389.0,51.0,90.1,22.22,23.16,4.55,2.52,1379713,463.7,African region,West Africa
203,Guinea-Bissau,2004,52.15,389.7,51.6,126.7,22.14,23.04,4.28,2.52,1347009,432.19,African region,West Africa
204,Guinea-Bissau,2003,51.4,386.2,52.3,155.7,22.04,22.91,3.53,2.52,1315653,420.79,African region,West Africa
205,Guinea-Bissau,2002,50.99,386.0,53.0,110.7,21.95,22.78,3.97,2.52,1285678,363.06,African region,West Africa
206,Guinea-Bissau,2001,50.44,386.3,53.8,108.3,21.85,22.65,4.53,2.52,1257380,328.15,African region,West Africa
207,Guinea-Bissau,2000,50.12,388.0,54.8,121.2,21.76,22.51,4.19,2.52,1230849,317.95,African region,West Africa
208,Liberia,2015,59.15,289.3,26.0,64.1,23.19,25.09,10.47,3.24,4612329,699.66,African region,West Africa
209,Liberia,2014,59.12,347.5,26.7,53.9,23.21,24.97,8.77,2.46,4519398,713.73,African region,West Africa
210,Liberia,2013,59.94,256.2,27.2,55.4,23.22,24.85,7.09,1.25,4427313,717.64,African region,West Africa
211,Liberia,2012,59.91,259.0,28.0,57.4,23.24,24.74,8.15,5.05,4331740,644.46,African region,West Africa
212,Liberia,2011,59.62,262.5,28.6,64.2,23.26,24.62,9.71,5.05,4181150,573.53,African region,West Africa
213,Liberia,2010,59.43,265.7,29.4,70.5,23.26,24.5,10.35,5.05,4019956,497.02,African region,West Africa
214,Liberia,2009,59.19,267.1,30.4,65.7,23.26,24.37,11.57,5.05,3905066,452.75,African region,West Africa
215,Liberia,2008,58.77,268.4,31.6,68.3,23.25,24.24,6.0,4.25,3783887,456.14,African region,West Africa
216,Liberia,2007,58.28,271.4,32.7,73.3,23.22,24.11,4.33,4.25,3632740,377.95,African region,West Africa
217,Liberia,2006,57.62,277.4,34.1,77.6,23.19,23.98,6.07,4.25,3455397,323.84,African region,West Africa
218,Liberia,2005,56.91,284.7,35.6,82.1,23.15,23.84,7.14,4.25,3266318,290.54,African region,West Africa
219,Liberia,2004,56.01,287.3,37.2,92.2,23.11,23.71,6.34,4.25,3122447,287.27,African region,West Africa
220,Liberia,2003,53.04,326.4,38.9,101.4,23.07,23.57,2.66,4.25,3085173,242.45,African region,West Africa
221,Liberia,2002,53.79,317.9,40.4,111.0,23.02,23.44,2.28,4.25,3060599,302.88,African region,West Africa
222,Liberia,2001,52.75,297.3,42.5,138.5,22.97,23.32,2.28,4.25,2981648,303.86,African region,West Africa
223,Liberia,2000,51.36,297.1,44.7,151.7,22.93,23.2,2.88,4.25,2895224,301.88,African region,West Africa
224,Madagascar,2015,64.34,243.9,19.4,27.5,21.53,21.11,5.01,15.27,24850912,455.64,African region,East Africa
225,Madagascar,2014,64.26,246.4,19.8,28.5,21.49,21.07,4.46,13.92,24215976,517.14,African region,East Africa
226,Madagascar,2013,63.96,247.8,20.3,30.8,21.44,21.03,3.75,10.27,23588073,526.69,African region,East Africa
227,Madagascar,2012,63.54,249.4,21.2,32.6,21.39,20.99,3.91,12.94,22966240,504.17,African region,East Africa
228,Madagascar,2011,63.49,251.3,21.7,34.8,21.35,20.95,4.52,13.94,22348158,516.9,African region,East Africa
229,Madagascar,2010,62.87,253.3,22.7,37.7,21.3,20.91,4.7,15.21,21731053,459.38,African region,East Africa
230,Madagascar,2009,62.73,255.5,23.3,40.3,21.26,20.87,4.38,10.45,21117092,455.41,African region,East Africa
231,Madagascar,2008,62.14,256.4,24.3,42.7,21.22,20.83,4.08,8.98,20513599,522.83,African region,East Africa
232,Madagascar,2007,61.76,258.9,25.1,45.8,21.17,20.8,4.61,11.84,19924958,427.84,African region,East Africa
233,Madagascar,2006,61.32,264.2,25.8,48.9,21.12,20.76,5.07,10.25,19350299,330.52,African region,East Africa
234,Madagascar,2005,60.57,269.7,26.4,51.8,21.08,20.72,5.22,10.54,18792171,311.79,African region,East Africa
235,Madagascar,2004,60.15,275.7,27.4,57.6,21.03,20.69,5.25,10.03,18250774,277.51,African region,East Africa
236,Madagascar,2003,59.49,277.8,28.3,63.5,20.98,20.65,5.0,13.1,17724310,359.53,African region,East Africa
237,Madagascar,2002,58.89,277.7,29.1,66.1,20.93,20.6,4.93,14.02,17211934,310.93,African region,East Africa
238,Madagascar,2001,58.57,274.5,30.1,69.8,20.88,20.56,4.12,12.02,16709665,325.46,African region,East Africa
239,Madagascar,2000,57.94,278.6,31.2,74.4,20.83,20.51,3.99,12.04,16216431,285.47,African region,East Africa
240,Malawi,2015,61.38,310.0,23.9,36.0,22.54,23.19,6.63,9.73,16938942,544.28,African region,East Africa
241,Malawi,2014,60.9,315.9,24.8,38.9,22.48,23.11,6.9,8.58,16477966,534.13,African region,East Africa
242,Malawi,2013,59.73,327.8,25.8,42.8,22.41,23.04,8.22,7.16,16024775,501.2,African region,East Africa
243,Malawi,2012,58.68,346.4,26.8,47.3,22.35,22.96,6.02,5.1,15581251,563.06,African region,East Africa
244,Malawi,2011,57.46,369.2,27.9,53.4,22.29,22.89,5.32,6.78,15146094,769.05,African region,East Africa
245,Malawi,2010,56.38,390.9,28.5,57.8,22.24,22.81,5.14,5.77,14718422,688.14,African region,East Africa
246,Malawi,2009,55.45,412.9,29.0,61.4,22.18,22.74,5.87,5.23,14298932,630.11,African region,East Africa
247,Malawi,2008,54.6,444.9,29.3,64.9,22.12,22.66,6.11,6.62,13889423,557.52,African region,East Africa
248,Malawi,2007,53.95,484.2,29.7,69.1,22.05,22.59,5.44,3.54,13495463,478.03,African region,East Africa
249,Malawi,2006,53.24,522.8,30.2,72.7,21.99,22.51,4.91,5.29,13118307,443.52,African region,East Africa
250,Malawi,2005,52.04,556.8,31.0,77.5,21.92,22.43,4.3,6.04,12755648,417.1,African region,East Africa
251,Malawi,2004,50.45,576.9,32.1,84.5,21.85,22.35,4.07,5.0,12411342,407.59,African region,East Africa
252,Malawi,2003,48.79,581.9,33.4,93.5,21.77,22.26,3.32,7.63,12087965,386.32,African region,East Africa
253,Malawi,2002,47.22,584.2,35.5,103.9,21.69,22.17,2.7,7.04,11784498,431.7,African region,East Africa
254,Malawi,2001,45.9,583.9,37.3,115.3,21.62,22.08,2.06,7.04,11498818,217.24,African region,East Africa
255,Malawi,2000,44.52,582.5,39.4,125.6,21.54,21.99,2.35,7.04,11229387,225.95,African region,East Africa
256,Mali,2015,58.36,242.9,36.6,74.4,22.94,23.11,4.11,4.39,18112907,723.5,African region,West Africa
257,Mali,2014,57.9,244.8,37.4,77.4,22.88,23.03,4.48,4.45,17551814,818.43,African region,West Africa
258,Mali,2013,57.36,246.5,38.1,79.8,22.81,22.95,3.97,4.13,17004033,778.8,African region,West Africa
259,Mali,2012,57.08,242.6,38.9,82.3,22.75,22.88,3.75,2.66,16514687,753.39,African region,West Africa
260,Mali,2011,56.76,241.2,40.0,87.0,22.69,22.79,4.01,2.94,16039734,810.18,African region,West Africa
261,Mali,2010,56.38,243.5,40.8,92.4,22.62,22.71,4.68,3.3,15529181,688.33,African region,West Africa
262,Mali,2009,55.87,245.4,41.7,97.5,22.54,22.61,5.21,2.93,15032635,680.65,African region,West Africa
263,Mali,2008,55.29,249.6,42.6,96.8,22.46,22.52,5.03,3.79,14551117,676.13,African region,West Africa
264,Mali,2007,54.94,252.8,43.8,101.8,22.37,22.41,5.25,4.64,14080912,579.26,African region,West Africa
265,Mali,2006,54.62,259.3,44.8,107.3,22.28,22.3,5.46,5.55,13623541,506.91,African region,West Africa
266,Mali,2005,54.0,263.5,46.3,112.6,22.18,22.18,5.2,6.46,13180551,474.0,African region,West Africa
267,Mali,2004,53.54,267.6,47.9,121.5,22.07,22.06,5.22,7.3,12751995,427.72,African region,West Africa
268,Mali,2003,52.89,277.5,49.8,128.1,21.96,21.92,5.05,6.79,12342165,381.95,African region,West Africa
269,Mali,2002,52.22,283.7,52.0,134.2,21.86,21.79,5.0,5.57,11952660,326.97,African region,West Africa
270,Mali,2001,51.28,285.9,54.3,154.1,21.75,21.65,4.52,5.75,11583824,299.41,African region,West Africa
271,Mali,2000,50.54,288.6,56.6,152.4,21.64,21.5,5.47,6.67,11239101,263.5,African region,West Africa
272,Mozambique,2015,58.15,410.4,28.1,48.5,22.01,23.41,6.72,5.55,26843246,603.84,African region,East Africa
273,Mozambique,2014,57.27,425.6,28.6,51.7,21.95,23.31,6.33,4.32,26038704,690.44,African region,East Africa
274,Mozambique,2013,56.49,439.4,29.3,54.9,21.89,23.22,6.13,4.73,25251731,681.07,African region,East Africa
275,Mozambique,2012,55.64,444.3,30.2,58.7,21.83,23.12,5.25,4.39,24487611,681.49,African region,East Africa
276,Mozambique,2011,54.87,441.9,30.9,63.5,21.77,23.03,5.0,4.34,23760421,615.28,African region,East Africa
277,Mozambique,2010,54.2,438.8,31.6,68.8,21.72,22.94,5.44,4.67,23073723,494.58,African region,East Africa
278,Mozambique,2009,53.79,433.3,32.5,70.6,21.66,22.85,5.2,4.97,22436660,546.6,African region,East Africa
279,Mozambique,2008,53.16,429.9,33.4,75.6,21.61,22.76,4.22,5.67,21845571,591.44,African region,East Africa
280,Mozambique,2007,52.57,431.4,34.1,80.6,21.55,22.67,3.93,5.6,21280513,508.04,African region,East Africa
281,Mozambique,2006,51.96,429.3,35.3,85.6,21.49,22.58,4.09,5.67,20735982,458.62,African region,East Africa
282,Mozambique,2005,51.56,423.7,36.2,99.0,21.43,22.5,4.38,8.4,20211114,438.79,African region,East Africa
283,Mozambique,2004,51.25,413.7,37.4,101.0,21.37,22.41,3.67,6.32,19694411,403.02,African region,East Africa
284,Mozambique,2003,50.87,403.3,39.0,105.5,21.3,22.31,3.4,6.32,19186754,343.13,African region,East Africa
285,Mozambique,2002,50.59,393.4,40.5,108.6,21.24,22.22,3.28,6.32,18694946,318.31,African region,East Africa
286,Mozambique,2001,50.06,380.8,42.1,113.5,21.17,22.12,2.88,6.32,18220716,310.1,African region,East Africa
287,Mozambique,2000,49.49,371.8,43.9,118.8,21.1,22.02,2.19,6.32,17768505,333.78,African region,East Africa
288,Myanmar,2015,65.56,197.1,25.3,27.1,22.22,23.08,5.48,4.98,51483949,1157.78,Asian region,Southeast Asia
289,Myanmar,2014,65.06,201.9,25.8,28.8,22.12,22.99,4.39,4.47,51072436,1283.11,Asian region,Southeast Asia
290,Myanmar,2013,64.82,209.6,26.6,31.0,22.02,22.9,3.2,2.71,50648334,1189.96,Asian region,Southeast Asia
291,Myanmar,2012,64.14,217.1,27.2,33.3,21.93,22.8,2.41,2.32,50218185,1193.55,Asian region,Southeast Asia
292,Myanmar,2011,63.9,225.0,27.9,35.1,21.83,22.71,1.93,1.65,49794522,1204.5,Asian region,Southeast Asia
293,Myanmar,2010,63.33,232.0,28.6,36.4,21.74,22.62,1.96,1.35,49390988,1003.03,Asian region,Southeast Asia
294,Myanmar,2009,63.16,240.1,29.5,38.1,21.66,22.53,2.16,1.44,49015836,752.94,Asian region,Southeast Asia
295,Myanmar,2008,56.51,295.6,30.4,61.2,21.57,22.45,2.11,1.32,48729486,653.87,Asian region,Southeast Asia
296,Myanmar,2007,62.37,254.4,31.0,43.0,21.49,22.36,2.02,1.43,48445647,416.6,Asian region,Southeast Asia
297,Myanmar,2006,61.89,262.2,31.9,44.0,21.41,22.28,2.25,1.91,48088274,301.58,Asian region,Southeast Asia
298,Myanmar,2005,61.6,268.7,33.0,44.7,21.33,22.2,2.33,1.29,47724471,251.17,Asian region,Southeast Asia
299,Myanmar,2004,61.25,275.2,33.9,46.5,21.25,22.13,2.32,1.92,47338446,223.23,Asian region,Southeast Asia
300,Myanmar,2003,60.98,279.2,34.6,47.0,21.17,22.05,2.38,1.88,46924293,223.06,Asian region,Southeast Asia
301,Myanmar,2002,60.72,284.2,35.7,48.4,21.1,21.97,2.58,2.6,46480230,145.82,Asian region,Southeast Asia
302,Myanmar,2001,60.42,288.7,36.8,51.0,21.02,21.89,2.15,1.41,46014826,140.78,Asian region,Southeast Asia
303,Myanmar,2000,60.16,293.2,37.9,49.3,20.95,21.81,2.0,1.36,45538332,195.55,Asian region,Southeast Asia
304,Nepal,2015,67.46,164.2,22.6,14.1,22.52,22.41,5.47,5.15,27610325,882.31,Asian region,South Asia
305,Nepal,2014,68.08,159.1,23.6,14.9,22.42,22.27,5.08,5.27,27462106,827.74,Asian region,South Asia
306,Nepal,2013,67.96,160.8,24.5,16.1,22.32,22.14,4.63,4.88,27381555,809.38,Asian region,South Asia
307,Nepal,2012,67.47,162.0,25.5,19.1,22.21,22.0,4.49,4.69,27330694,794.09,Asian region,South Asia
308,Nepal,2011,67.31,162.9,26.5,19.8,22.11,21.86,4.45,4.87,27266399,791.23,Asian region,South Asia
309,Nepal,2010,66.81,162.6,27.5,20.6,22.02,21.72,4.36,4.81,27161567,589.17,Asian region,South Asia
310,Nepal,2009,66.76,163.1,28.6,21.8,21.92,21.59,3.9,4.69,27026941,475.64,Asian region,South Asia
311,Nepal,2008,66.42,163.6,30.0,23.9,21.83,21.45,3.82,5.31,26881544,466.69,Asian region,South Asia
312,Nepal,2007,66.33,163.9,31.2,25.2,21.74,21.32,3.67,5.18,26713655,386.53,Asian region,South Asia
313,Nepal,2006,65.87,164.7,32.4,26.5,21.65,21.18,3.54,7.58,26518971,341.03,Asian region,South Asia
314,Nepal,2005,65.46,167.1,33.6,29.6,21.57,21.04,3.95,6.25,26285110,309.31,Asian region,South Asia
315,Nepal,2004,64.82,171.6,34.9,38.8,21.48,20.91,4.05,5.48,26003965,279.72,Asian region,South Asia
316,Nepal,2003,64.2,172.3,36.2,40.1,21.38,20.77,3.86,5.52,25682908,246.49,Asian region,South Asia
317,Nepal,2002,63.26,183.0,37.5,38.6,21.29,20.63,3.94,6.1,25332178,238.86,Asian region,South Asia
318,Nepal,2001,63.34,181.6,39.1,42.0,21.19,20.48,3.81,4.53,24956071,240.71,Asian region,South Asia
319,Nepal,2000,62.61,189.5,40.5,42.4,21.09,20.34,3.13,4.25,24559500,223.71,Asian region,South Asia
320,Niger,2015,61.08,223.1,27.3,62.2,21.42,22.31,5.35,4.59,20128124,481.11,African region,West Africa
321,Niger,2014,60.79,223.1,28.0,64.9,21.39,22.24,4.45,5.4,19372014,560.75,African region,West Africa
322,Niger,2013,60.24,224.8,28.9,68.7,21.36,22.17,4.47,6.56,18653199,548.16,African region,West Africa
323,Niger,2012,59.65,227.4,29.8,73.5,21.32,22.09,4.31,6.25,17954407,525.05,African region,West Africa
324,Niger,2011,58.99,229.5,30.7,78.3,21.29,22.02,4.87,8.3,17283112,507.6,African region,West Africa
325,Niger,2010,58.37,231.4,31.6,84.1,21.25,21.94,4.96,9.18,16647543,471.61,African region,West Africa
326,Niger,2009,57.4,235.2,32.7,89.6,21.21,21.87,5.34,8.69,16037915,458.42,African region,West Africa
327,Niger,2008,56.51,238.2,33.5,97.1,21.16,21.78,5.25,9.19,15455175,472.18,African region,West Africa
328,Niger,2007,55.55,245.0,34.5,103.5,21.11,21.7,5.43,8.63,14897873,384.72,African region,West Africa
329,Niger,2006,54.6,246.9,35.6,110.9,21.05,21.61,5.99,13.54,14365168,331.1,African region,West Africa
330,Niger,2005,53.59,254.5,36.8,118.4,20.98,21.52,5.88,12.35,13855221,316.37,African region,West Africa
331,Niger,2004,52.59,259.2,38.0,151.6,20.91,21.42,4.98,7.35,13366885,281.33,African region,West Africa
332,Niger,2003,51.43,265.9,39.2,156.7,20.84,21.32,4.75,7.63,12900790,263.09,African region,West Africa
333,Niger,2002,50.56,266.2,40.4,156.8,20.77,21.22,4.83,8.36,12456517,223.35,African region,West Africa
334,Niger,2001,49.84,270.8,41.6,177.2,20.69,21.11,4.73,8.34,12031430,203.53,African region,West Africa
335,Niger,2000,49.32,268.9,42.9,164.8,20.62,21.0,4.66,8.37,11622665,192.88,African region,West Africa
336,Rwanda,2015,65.3,208.6,17.6,24.3,21.24,22.68,6.65,7.91,11642959,733.81,African region,East Africa
337,Rwanda,2014,64.94,211.0,18.2,25.9,21.2,22.6,6.99,7.98,11368451,724.72,African region,East Africa
338,Rwanda,2013,64.43,215.2,19.0,28.6,21.15,22.52,6.78,8.3,11101350,704.42,African region,East Africa
339,Rwanda,2012,64.01,222.1,20.1,31.6,21.11,22.43,8.11,8.36,10840334,706.14,African region,East Africa
340,Rwanda,2011,63.26,228.3,21.1,35.6,21.06,22.35,7.94,8.9,10576932,650.94,African region,East Africa
341,Rwanda,2010,62.54,236.6,22.3,40.4,21.02,22.26,8.09,8.56,10309031,594.12,African region,East Africa
342,Rwanda,2009,61.96,251.3,23.8,45.9,20.97,22.17,7.81,8.43,10043737,564.98,African region,East Africa
343,Rwanda,2008,61.13,257.5,25.2,51.9,20.92,22.09,7.57,8.08,9781996,529.53,African region,East Africa
344,Rwanda,2007,59.96,271.6,26.5,58.3,20.87,22.0,7.86,7.79,9523168,427.43,African region,East Africa
345,Rwanda,2006,58.71,293.2,28.1,66.3,20.82,21.91,7.61,7.2,9270066,358.12,African region,East Africa
346,Rwanda,2005,57.32,325.7,29.8,75.2,20.76,21.81,7.73,8.09,9026299,325.03,African region,East Africa
347,Rwanda,2004,55.49,362.9,31.7,85.8,20.69,21.72,7.51,10.79,8791853,270.31,African region,East Africa
348,Rwanda,2003,53.37,393.1,33.7,98.7,20.63,21.62,6.93,12.45,8567992,249.56,African region,East Africa
349,Rwanda,2002,51.03,412.9,35.4,111.3,20.56,21.51,3.13,3.71,8372306,234.82,African region,East Africa
350,Rwanda,2001,49.02,440.7,37.3,123.2,20.49,21.41,3.32,3.66,8223941,239.13,African region,East Africa
351,Rwanda,2000,47.13,458.3,38.8,135.1,20.41,21.3,3.58,3.54,8109989,255.1,African region,East Africa
352,Sierra Leone,2015,57.19,281.1,35.5,84.9,21.91,23.55,19.66,6.21,7314773,581.29,African region,West Africa
353,Sierra Leone,2014,56.39,313.2,36.5,90.6,21.9,23.51,19.69,7.58,7140688,702.34,African region,West Africa
354,Sierra Leone,2013,56.31,269.7,37.8,97.0,21.9,23.48,11.59,5.15,6964859,706.45,African region,West Africa
355,Sierra Leone,2012,55.45,276.0,39.0,104.2,21.9,23.44,8.94,4.75,6788587,558.18,African region,West Africa
356,Sierra Leone,2011,54.62,282.9,40.0,110.6,21.89,23.41,10.77,5.35,6612385,443.45,African region,West Africa
357,Sierra Leone,2010,53.69,289.1,41.4,117.2,21.88,23.37,9.13,6.51,6436698,400.54,African region,West Africa
358,Sierra Leone,2009,52.63,297.4,42.6,124.0,21.87,23.32,9.68,5.61,6259842,386.43,African region,West Africa
359,Sierra Leone,2008,51.53,301.9,43.8,129.7,21.85,23.27,8.81,4.41,6090860,402.55,African region,West Africa
360,Sierra Leone,2007,50.36,307.5,44.8,134.9,21.82,23.22,8.52,5.45,5939163,358.08,African region,West Africa
361,Sierra Leone,2006,49.32,307.7,45.8,140.1,21.78,23.15,9.02,5.45,5809774,320.51,African region,West Africa
362,Sierra Leone,2005,48.24,310.0,46.8,144.1,21.73,23.09,9.04,5.45,5683334,286.29,African region,West Africa
363,Sierra Leone,2004,47.58,310.6,47.8,147.0,21.68,23.01,8.67,5.45,5533329,258.47,African region,West Africa
364,Sierra Leone,2003,46.96,308.3,48.4,172.2,21.63,22.93,8.45,5.45,5350907,255.97,African region,West Africa
365,Sierra Leone,2002,46.36,304.2,49.1,177.7,21.57,22.85,9.4,5.45,5140113,240.51,African region,West Africa
366,Sierra Leone,2001,45.66,298.0,49.8,183.0,21.51,22.76,8.37,5.45,4857096,221.3,African region,West Africa
367,Sierra Leone,2000,45.05,303.5,50.4,186.7,21.45,22.67,8.49,5.45,4584067,138.71,African region,West Africa
368,Syrian Arab Republic,2015,65.12,310.4,8.8,9.1,27.47,29.39,2.27,4.49,19205178,857.42,Asian region,Western Asia (Middle East)
369,Syrian Arab Republic,2014,63.15,302.9,8.9,9.5,27.37,29.3,2.45,4.68,20072232,1071.23,Asian region,Western Asia (Middle East)
370,Syrian Arab Republic,2013,63.83,218.8,8.8,9.4,27.28,29.21,2.64,4.87,21495821,993.74,Asian region,Western Asia (Middle East)
371,Syrian Arab Republic,2012,66.77,223.3,8.8,9.5,27.19,29.12,3.05,4.47,22605577,1910.6,Asian region,Western Asia (Middle East)
372,Syrian Arab Republic,2011,73.31,133.4,8.7,7.8,27.09,29.03,2.53,3.74,22730733,2971.28,Asian region,Western Asia (Middle East)
373,Syrian Arab Republic,2010,73.88,108.9,8.7,7.5,27.0,28.94,3.28,5.12,22337563,2748.32,Asian region,Western Asia (Middle East)
374,Syrian Arab Republic,2009,73.85,110.2,8.7,7.5,26.91,28.85,3.55,5.95,21827220,2479.09,Asian region,Western Asia (Middle East)
375,Syrian Arab Republic,2008,73.55,113.5,9.0,7.6,26.82,28.76,3.4,6.84,21474059,2447.51,Asian region,Western Asia (Middle East)
376,Syrian Arab Republic,2007,73.71,114.4,9.5,7.7,26.74,28.67,3.72,6.85,20703005,1954.56,Asian region,Western Asia (Middle East)
377,Syrian Arab Republic,2006,73.35,119.2,9.8,8.0,26.65,28.59,3.78,6.74,19432009,1736.92,Asian region,Western Asia (Middle East)
378,Syrian Arab Republic,2005,72.77,120.8,10.2,8.3,26.57,28.5,4.11,7.34,18583557,1552.93,Asian region,Western Asia (Middle East)
379,Syrian Arab Republic,2004,72.47,125.2,10.6,8.7,26.49,28.41,4.48,6.82,18084007,1387.25,Asian region,Western Asia (Middle East)
380,Syrian Arab Republic,2003,72.41,125.7,11.0,9.3,26.41,28.32,5.12,7.51,17611356,1239.44,Asian region,Western Asia (Middle East)
381,Syrian Arab Republic,2002,71.94,131.9,11.5,9.7,26.33,28.23,4.95,7.21,17164021,1204.23,Asian region,Western Asia (Middle East)
382,Syrian Arab Republic,2001,71.64,134.5,11.9,10.3,26.24,28.13,4.7,6.65,16727948,1209.77,Asian region,Western Asia (Middle East)
383,Syrian Arab Republic,2000,70.76,143.7,12.2,10.5,26.15,28.03,4.55,5.65,16307654,1161.24,Asian region,Western Asia (Middle East)
384,Tajikistan,2015,69.31,121.3,15.9,19.6,25.89,26.33,6.91,6.41,8524063,970.36,Asian region,Central Asia
385,Tajikistan,2014,69.07,124.1,16.5,19.7,25.77,26.16,6.67,7.54,8326348,1094.43,Asian region,Central Asia
386,Tajikistan,2013,68.89,125.9,17.2,20.1,25.65,25.99,6.53,6.83,8136610,1038.32,Asian region,Central Asia
387,Tajikistan,2012,68.48,130.4,17.9,20.5,25.53,25.82,5.98,6.55,7956382,959.36,Asian region,Central Asia
388,Tajikistan,2011,68.15,134.5,18.9,21.2,25.42,25.66,5.86,5.43,7784819,837.88,Asian region,Central Asia
389,Tajikistan,2010,67.74,138.4,19.9,21.8,25.3,25.5,5.74,4.52,7621779,740.28,Asian region,Central Asia
390,Tajikistan,2009,68.04,141.2,20.3,22.9,25.19,25.34,5.86,4.57,7468596,666.72,Asian region,Central Asia
391,Tajikistan,2008,67.69,144.0,21.1,24.6,25.08,25.19,5.91,6.74,7324627,704.65,Asian region,Central Asia
392,Tajikistan,2007,67.22,148.0,21.8,26.9,24.97,25.04,5.54,5.33,7188391,517.43,Asian region,Central Asia
393,Tajikistan,2006,67.01,151.1,22.5,29.5,24.87,24.89,5.03,4.27,7057417,401.03,Asian region,Central Asia
394,Tajikistan,2005,66.51,154.1,23.2,32.9,24.77,24.75,5.21,4.3,6929145,333.71,Asian region,Central Asia
395,Tajikistan,2004,66.03,153.5,24.1,37.2,24.68,24.62,4.8,4.41,6801204,305.27,Asian region,Central Asia
396,Tajikistan,2003,65.55,157.2,25.1,41.9,24.59,24.48,4.7,4.03,6672492,233.09,Asian region,Central Asia
397,Tajikistan,2002,64.85,163.9,26.2,47.4,24.5,24.36,4.44,4.21,6541755,186.66,Asian region,Central Asia
398,Tajikistan,2001,64.06,170.4,27.3,53.2,24.43,24.23,4.58,4.76,6408810,168.64,Asian region,Central Asia
399,Tajikistan,2000,63.26,176.1,28.2,59.2,24.35,24.11,4.26,4.62,6272998,137.18,Asian region,Central Asia
400,Timor-Leste,2015,67.14,164.1,21.6,28.7,21.25,21.27,7.67,4.51,1205813,1322.93,Asian region,Southeast Asia
401,Timor-Leste,2014,66.79,164.9,22.2,30.2,21.15,21.16,7.6,3.72,1184830,1221.72,Asian region,Southeast Asia
402,Timor-Leste,2013,66.44,164.6,22.7,31.7,21.04,21.05,8.53,4.62,1161555,1201.6,Asian region,Southeast Asia
403,Timor-Leste,2012,66.08,164.1,23.1,33.2,20.94,20.95,6.99,3.21,1137676,1020.11,Asian region,Southeast Asia
404,Timor-Leste,2011,65.7,164.6,23.8,34.7,20.84,20.84,6.87,2.68,1112976,936.71,Asian region,Southeast Asia
405,Timor-Leste,2010,65.3,165.2,24.4,36.3,20.74,20.74,6.47,2.71,1088486,810.22,Asian region,Southeast Asia
406,Timor-Leste,2009,64.85,167.7,25.3,38.4,20.65,20.64,7.31,2.66,1065540,682.22,Asian region,Southeast Asia
407,Timor-Leste,2008,64.33,167.3,25.9,40.9,20.56,20.54,6.97,2.78,1043076,621.74,Asian region,Southeast Asia
408,Timor-Leste,2007,63.72,169.3,26.8,43.5,20.48,20.45,5.65,1.27,1019362,532.49,Asian region,Southeast Asia
409,Timor-Leste,2006,63.07,171.5,27.9,46.9,20.39,20.37,6.0,4.0,994564,456.27,Asian region,Southeast Asia
410,Timor-Leste,2005,62.33,171.3,29.1,50.8,20.31,20.28,5.28,3.63,969313,476.9,Asian region,Southeast Asia
411,Timor-Leste,2004,61.63,176.5,30.5,55.0,20.24,20.2,4.26,2.25,945989,465.94,Asian region,Southeast Asia
412,Timor-Leste,2003,60.87,178.2,31.8,59.0,20.16,20.12,2.84,1.62,926721,529.22,Asian region,Southeast Asia
413,Timor-Leste,2002,60.15,180.9,33.5,63.2,20.09,20.04,4.41,2.86,909639,516.09,Asian region,Southeast Asia
414,Timor-Leste,2001,59.36,182.1,35.2,67.2,20.02,19.96,4.41,2.86,893001,534.65,Asian region,Southeast Asia
415,Timor-Leste,2000,58.57,184.2,36.7,70.8,19.95,19.89,4.41,2.86,878360,417.74,Asian region,Southeast Asia
416,Togo,2015,59.4,285.6,26.2,49.8,22.55,24.52,4.96,4.04,7473229,770.14,African region,West Africa
417,Togo,2014,58.85,290.3,26.7,51.6,22.51,24.4,5.08,4.56,7288383,877.19,African region,West Africa
418,Togo,2013,58.68,293.6,27.3,54.3,22.48,24.28,4.94,4.69,7106229,847.39,African region,West Africa
419,Togo,2012,58.07,298.3,27.6,55.7,22.44,24.15,4.81,6.11,6926635,781.55,African region,West Africa
420,Togo,2011,57.92,306.0,28.1,57.0,22.4,24.03,4.55,5.67,6748672,803.48,African region,West Africa
421,Togo,2010,57.3,317.8,28.7,59.0,22.35,23.9,4.45,7.45,6571855,722.23,African region,West Africa
422,Togo,2009,57.01,330.0,29.5,60.5,22.31,23.77,4.08,4.78,6398624,737.95,African region,West Africa
423,Togo,2008,56.7,338.4,30.4,62.5,22.25,23.63,3.84,4.84,6222482,735.86,African region,West Africa
424,Togo,2007,56.51,339.8,31.2,63.5,22.19,23.5,3.87,4.34,6047537,621.73,African region,West Africa
425,Togo,2006,56.22,339.0,32.0,64.9,22.12,23.35,3.45,3.83,5874240,565.33,African region,West Africa
426,Togo,2005,55.96,347.3,32.6,66.3,22.05,23.21,3.3,3.8,5711597,564.1,African region,West Africa
427,Togo,2004,55.57,348.8,33.3,68.8,21.97,23.06,3.09,4.21,5565218,573.48,African region,West Africa
428,Togo,2003,55.64,352.9,34.0,70.5,21.89,22.9,2.94,4.24,5421001,551.19,African region,West Africa
429,Togo,2002,55.31,349.0,34.8,71.5,21.8,22.74,2.9,4.05,5281538,456.34,African region,West Africa
430,Togo,2001,54.86,344.4,35.5,81.6,21.72,22.58,2.89,2.99,5145426,406.87,African region,West Africa
431,Togo,2000,54.74,338.6,36.1,87.7,21.63,22.42,2.79,2.44,5008035,420.69,African region,West Africa
432,Uganda,2015,61.09,263.1,21.6,32.0,21.54,23.25,5.07,5.08,37477356,864.18,African region,East Africa
433,Uganda,2014,60.41,276.0,22.3,34.7,21.46,23.15,5.34,7.01,36336539,897.51,African region,East Africa
434,Uganda,2013,59.76,289.5,22.9,37.4,21.39,23.05,5.78,7.32,35273570,819.76,African region,East Africa
435,Uganda,2012,58.82,304.5,23.7,41.2,21.32,22.95,6.11,7.05,34273295,796.71,African region,East Africa
436,Uganda,2011,57.96,318.2,24.3,46.0,21.24,22.85,6.7,6.9,33295738,837.1,African region,East Africa
437,Uganda,2010,57.06,331.7,24.9,50.1,21.17,22.75,6.81,7.11,32341728,824.74,African region,East Africa
438,Uganda,2009,56.49,345.4,25.2,55.0,21.11,22.66,5.79,7.03,31412520,799.93,African region,East Africa
439,Uganda,2008,55.82,363.6,25.6,59.4,21.04,22.56,5.45,7.25,30509862,473.3,African region,East Africa
440,Uganda,2007,55.24,381.6,25.8,64.6,20.97,22.47,6.11,7.79,29629804,401.71,African region,East Africa
441,Uganda,2006,54.37,390.3,25.9,70.1,20.9,22.38,6.46,7.16,28773227,346.77,African region,East Africa
442,Uganda,2005,52.98,408.9,26.2,76.3,20.83,22.28,5.81,7.13,27946588,330.6,African region,East Africa
443,Uganda,2004,51.55,440.8,26.7,82.7,20.76,22.19,4.7,8.77,27146084,292.47,African region,East Africa
444,Uganda,2003,50.37,467.4,27.1,96.8,20.7,22.1,4.3,8.95,26354736,250.69,African region,East Africa
445,Uganda,2002,49.65,483.0,27.6,105.8,20.63,22.0,4.77,8.75,25545090,241.87,African region,East Africa
446,Uganda,2001,49.01,495.9,28.5,108.1,20.56,21.9,5.05,8.33,24763325,235.85,African region,East Africa
447,Uganda,2000,48.34,509.0,29.3,115.7,20.49,21.8,5.08,8.33,24020697,257.83,African region,East Africa
448,United Republic of Tanzania,2015,64.65,242.0,22.0,34.7,22.37,24.05,3.65,7.33,52542823,929.8,African region,East Africa
449,United Republic of Tanzania,2014,63.87,249.9,22.5,36.9,22.34,23.95,4.01,6.94,50814552,1013.43,African region,East Africa
450,United Republic of Tanzania,2013,62.96,262.2,23.2,38.5,22.3,23.84,4.65,6.31,49253643,954.66,African region,East Africa
451,United Republic of Tanzania,2012,62.03,281.6,23.7,40.5,22.27,23.74,5.02,6.01,47786137,854.54,African region,East Africa
452,United Republic of Tanzania,2011,61.05,295.9,24.2,43.0,22.24,23.63,5.06,6.76,46416031,768.93,African region,East Africa
453,United Republic of Tanzania,2010,60.1,302.9,24.8,45.8,22.21,23.52,5.22,7.32,45110527,730.78,African region,East Africa
454,United Republic of Tanzania,2009,58.89,312.1,25.4,48.5,22.18,23.42,5.06,7.58,43957933,688.71,African region,East Africa
455,United Republic of Tanzania,2008,58.09,319.4,25.9,51.0,22.15,23.31,5.56,12.49,42870884,671.24,African region,East Africa
456,United Republic of Tanzania,2007,57.52,339.5,26.7,54.1,22.11,23.21,6.88,10.89,41716497,539.54,African region,East Africa
457,United Republic of Tanzania,2006,56.91,372.3,27.3,57.6,22.07,23.11,7.6,13.51,40562052,472.61,African region,East Africa
458,United Republic of Tanzania,2005,56.3,396.6,28.0,61.5,22.03,23.0,6.32,12.62,39439505,480.18,African region,East Africa
459,United Republic of Tanzania,2004,55.6,407.9,28.8,66.4,21.99,22.9,5.74,11.55,38360879,447.44,African region,East Africa
460,United Republic of Tanzania,2003,54.9,414.0,29.9,71.8,21.95,22.8,5.34,9.71,37333918,419.42,African region,East Africa
461,United Republic of Tanzania,2002,53.86,419.7,30.8,78.0,21.9,22.69,4.69,9.79,36353531,400.08,African region,East Africa
462,United Republic of Tanzania,2001,53.16,424.7,31.7,84.7,21.85,22.59,4.24,8.8,35414469,394.22,African region,East Africa
463,United Republic of Tanzania,2000,52.36,429.3,32.6,91.2,21.8,22.48,3.42,6.05,34463704,399.33,African region,East Africa
464,Zimbabwe,2015,59.59,416.7,24.0,32.4,22.27,25.39,7.45,7.56,14154937,1410.33,African region,East Africa
465,Zimbabwe,2014,58.85,427.2,25.1,34.9,22.24,25.36,8.13,13.36,13855753,1407.03,African region,East Africa
466,Zimbabwe,2013,57.46,445.2,26.4,38.5,22.21,25.32,7.11,9.65,13555422,1408.37,African region,East Africa
467,Zimbabwe,2012,55.63,468.3,27.6,44.2,22.18,25.28,6.92,9.8,13265331,1290.19,African region,East Africa
468,Zimbabwe,2011,53.35,500.1,29.0,50.2,22.15,25.25,8.08,9.12,13025785,1082.62,African region,East Africa
469,Zimbabwe,2010,50.65,543.9,30.0,54.8,22.13,25.22,10.48,15.22,12839771,937.84,African region,East Africa
470,Zimbabwe,2009,48.06,585.7,30.4,58.8,22.1,25.18,5.87,8.18,12679810,762.3,African region,East Africa
471,Zimbabwe,2008,46.72,618.2,30.6,62.2,22.07,25.15,5.87,8.18,12550347,351.84,African region,East Africa
472,Zimbabwe,2007,45.61,644.4,30.5,64.6,22.03,25.11,5.87,8.18,12450568,425.04,African region,East Africa
473,Zimbabwe,2006,45.36,671.1,30.1,66.7,22.0,25.08,5.87,8.18,12330490,441.5,African region,East Africa
474,Zimbabwe,2005,44.77,692.4,29.4,66.2,21.96,25.04,5.87,8.18,12224753,470.78,African region,East Africa
475,Zimbabwe,2004,44.5,707.1,29.1,66.5,21.92,25.01,5.87,8.18,12160881,477.4,African region,East Africa
476,Zimbabwe,2003,43.39,709.9,28.6,66.7,21.88,24.97,5.87,8.18,12075828,474.3,African region,East Africa
477,Zimbabwe,2002,44.56,704.8,28.2,68.7,21.84,24.93,5.87,8.18,11984644,529.19,African region,East Africa
478,Zimbabwe,2001,41.96,693.9,28.0,69.5,21.81,24.9,5.87,8.18,11910978,569.0,African region,East Africa
479,Zimbabwe,2000,44.69,682.6,27.9,70.2,21.77,24.86,5.87,8.18,11834676,565.28,African region,East Africa
